"id","legisNames","party","year","icpsrst","district","incumb","numdvt","numrvt","numovt","statenm","stpost","fipsst","Office","CensusPop","Area","RedistrictedDate","RepCandidate","RepStatus","DemCandidate","DemStatus","ThirdParty","ThirdVotes","ThirdCandidate","ThirdStatus","PluralityVotes","PluralityParty","ThirdVotesTotalPercent","RaceNotes","dpvote","winner","numdvt_js","numrvt_js","numovt_js","handcorrected","y","x"
"AK-1","YOUNG (R AK-1)","R",2016,NA,1,-1,111019,155088,NA,NA,"AK",NA,NA,NA,NA,NA,NA,NA,NA,NA,NA,NA,NA,NA,NA,NA,NA,NA,41.6,"Don Young",NA,NA,NA,NA,0.333598864506753,58.4
"AL-1","BYRNE (R AL-1)","R",2016,NA,1,-1,0,208083,NA,NA,"AL",NA,NA,NA,NA,NA,NA,NA,NA,NA,NA,NA,NA,NA,NA,NA,NA,NA,34.9,"Bradley Byrne",NA,NA,NA,NA,1.23260666352688,65.1
"AL-2","ROBY (R AL-2)","R",2016,NA,2,-1,112089,134886,NA,NA,"AL",NA,NA,NA,NA,NA,NA,NA,NA,NA,NA,NA,NA,NA,NA,NA,NA,NA,33.7,"Martha Roby",NA,NA,NA,NA,0.847170186841537,66.3
"AL-3","ROGERS (R AL-3)","R",2016,NA,3,-1,94549,192164,NA,NA,"AL",NA,NA,NA,NA,NA,NA,NA,NA,NA,NA,NA,NA,NA,NA,NA,NA,NA,33.1,"Mike Rogers",NA,NA,NA,NA,0.385051336257501,66.9
"AL-4","ADERHOLT (R AL-4)","R",2016,NA,4,-1,0,235925,NA,NA,"AL",NA,NA,NA,NA,NA,NA,NA,NA,NA,NA,NA,NA,NA,NA,NA,NA,NA,17.8,"Robert Aderholt",NA,NA,NA,NA,0.48364925072793,82.2
"AL-5","BROOKS (R AL-5)","R",2016,NA,5,-1,102234,205647,NA,NA,"AL",NA,NA,NA,NA,NA,NA,NA,NA,NA,NA,NA,NA,NA,NA,NA,NA,NA,32.6,"Mo Brooks",NA,NA,NA,NA,0.435045063524368,67.4
"AL-6","PALMER (R AL-6)","R",2016,NA,6,-1,83709,245313,NA,NA,"AL",NA,NA,NA,NA,NA,NA,NA,NA,NA,NA,NA,NA,NA,NA,NA,NA,NA,26.9,"Gary Palmer",NA,NA,NA,NA,0.791442709652131,73.1
"AL-7","SEWELL (D AL-7)","D",2016,NA,7,1,229330,0,NA,NA,"AL",NA,NA,NA,NA,NA,NA,NA,NA,NA,NA,NA,NA,NA,NA,NA,NA,NA,70.9,"Terri Sewell",NA,NA,NA,NA,-1.33329278610626,29.1
"AR-1","CRAWFORD (R AR-1)","R",2016,NA,1,-1,0,183866,NA,NA,"AR",NA,NA,NA,NA,NA,NA,NA,NA,NA,NA,NA,NA,NA,NA,NA,NA,NA,31.7,"Rick Crawford",NA,NA,NA,NA,1.0264567522757,68.3
"AR-2","HILL (R AR-2)","R",2016,NA,2,-1,111347,176472,NA,NA,"AR",NA,NA,NA,NA,NA,NA,NA,NA,NA,NA,NA,NA,NA,NA,NA,NA,NA,44.3,"French Hill",NA,NA,NA,NA,0.628614264526665,55.7
"AR-3","WOMACK (R AR-3)","R",2016,NA,3,-1,0,217192,NA,NA,"AR",NA,NA,NA,NA,NA,NA,NA,NA,NA,NA,NA,NA,NA,NA,NA,NA,NA,33,"Steve Womack",NA,NA,NA,NA,0.816864658633875,67
"AR-4","WESTERMAN (R AR-4)","R",2016,NA,4,-1,0,182885,NA,NA,"AR",NA,NA,NA,NA,NA,NA,NA,NA,NA,NA,NA,NA,NA,NA,NA,NA,NA,32.8,"Bruce Westerman",NA,NA,NA,NA,1.47406575959744,67.2
"AZ-1","O'HALLERAN (D AZ-1)","D",2016,NA,1,NA,142219,121745,NA,NA,"AZ",NA,NA,NA,NA,NA,NA,NA,NA,NA,NA,NA,NA,NA,NA,NA,NA,NA,49.4,"Tom O'Halleran",NA,NA,NA,NA,-0.467658993956796,50.6
"AZ-2","MCSALLY (R AZ-2)","R",2016,NA,2,-1,135873,179806,NA,NA,"AZ",NA,NA,NA,NA,NA,NA,NA,NA,NA,NA,NA,NA,NA,NA,NA,NA,NA,52.6,"Martha McSally",NA,NA,NA,NA,0.506548759157553,47.4
"AZ-3","GRIJALVA (D AZ-3)","D",2016,NA,3,1,148973,0,NA,NA,"AZ",NA,NA,NA,NA,NA,NA,NA,NA,NA,NA,NA,NA,NA,NA,NA,NA,NA,65.8,"Raul Grijalva",NA,NA,NA,NA,-1.66254108707,34.2
"AZ-4","GOSAR (R AZ-4)","R",2016,NA,4,-1,81296,203487,NA,NA,"AZ",NA,NA,NA,NA,NA,NA,NA,NA,NA,NA,NA,NA,NA,NA,NA,NA,NA,28.9,"Paul Gosar",NA,NA,NA,NA,0.491794478598996,71.1
"AZ-5","BIGGS (R AZ-5)","R",2016,NA,5,-1,114940,205184,NA,NA,"AZ",NA,NA,NA,NA,NA,NA,NA,NA,NA,NA,NA,NA,NA,NA,NA,NA,NA,38.8,"Andy Biggs",NA,NA,NA,NA,0.454908038336914,61.2
"AZ-6","SCHWEIKERT (R AZ-6)","R",2016,NA,6,-1,122866,201578,NA,NA,"AZ",NA,NA,NA,NA,NA,NA,NA,NA,NA,NA,NA,NA,NA,NA,NA,NA,NA,44.7,"David Schweikert",NA,NA,NA,NA,0.977431595449394,55.3
"AZ-7","GALLEGO (D AZ-7)","D",2016,NA,7,1,119465,39286,NA,NA,"AZ",NA,NA,NA,NA,NA,NA,NA,NA,NA,NA,NA,NA,NA,NA,NA,NA,NA,76.1,"Ruben Gallego",NA,NA,NA,NA,-0.863997415556305,23.9
"AZ-8","FRANKS (R AZ-8)","R",2016,NA,8,-1,0,204942,NA,NA,"AZ",NA,NA,NA,NA,NA,NA,NA,NA,NA,NA,NA,NA,NA,NA,NA,NA,NA,38.9,"Trent Franks",NA,NA,NA,NA,0.664506429623867,61.1
"AZ-9","SINEMA (D AZ-9)","D",2016,NA,9,1,169055,108350,NA,NA,"AZ",NA,NA,NA,NA,NA,NA,NA,NA,NA,NA,NA,NA,NA,NA,NA,NA,NA,58.8,"Kyrsten Sinema",NA,NA,NA,NA,-0.328099117133084,41.2
"CA-1","LAMALFA (R CA-1)","R",2016,NA,1,-1,128588,185448,NA,NA,"CA",NA,NA,NA,NA,NA,NA,NA,NA,NA,NA,NA,NA,NA,NA,NA,NA,NA,39.4,"Doug La Malfa",NA,NA,NA,NA,0.824197228367295,60.6
"CA-10","DENHAM (R CA-10)","R",2016,NA,10,-1,116470,124671,NA,NA,"CA",NA,NA,NA,NA,NA,NA,NA,NA,NA,NA,NA,NA,NA,NA,NA,NA,NA,51.6,"Jeff Denham",NA,NA,NA,NA,0.451494267411288,48.4
"CA-11","DESAULNIER (D CA-11)","D",2016,NA,11,1,214868,83341,NA,NA,"CA",NA,NA,NA,NA,NA,NA,NA,NA,NA,NA,NA,NA,NA,NA,NA,NA,NA,75.9,"Mark DeSaulnier",NA,NA,NA,NA,-2.20681887472138,24.1
"CA-12","PELOSI (D CA-12)","D",2016,NA,12,1,274035,0,NA,NA,"CA",NA,NA,NA,NA,NA,NA,NA,NA,NA,NA,NA,NA,NA,NA,NA,NA,NA,90.8,"Nancy Pelosi",NA,NA,NA,NA,-1.31099281840159,9.2
"CA-13","LEE (D CA-13)","D",2016,NA,13,1,293117,29754,NA,NA,"CA",NA,NA,NA,NA,NA,NA,NA,NA,NA,NA,NA,NA,NA,NA,NA,NA,NA,92.8,"Barbara Lee",NA,NA,NA,NA,-1.89181874203458,7.2
"CA-14","SPEIER (D CA-14)","D",2016,NA,14,1,231630,54817,NA,NA,"CA",NA,NA,NA,NA,NA,NA,NA,NA,NA,NA,NA,NA,NA,NA,NA,NA,NA,80.9,"Jackie Speier",NA,NA,NA,NA,-1.08302958739895,19.1
"CA-15","SWALWELL (D CA-15)","D",2016,NA,15,1,198578,70619,NA,NA,"CA",NA,NA,NA,NA,NA,NA,NA,NA,NA,NA,NA,NA,NA,NA,NA,NA,NA,74.3,"Eric Swalwell",NA,NA,NA,NA,-0.752450426254075,25.7
"CA-16","COSTA (D CA-16)","D",2016,NA,16,1,97473,70483,NA,NA,"CA",NA,NA,NA,NA,NA,NA,NA,NA,NA,NA,NA,NA,NA,NA,NA,NA,NA,61.4,"Jim Costa",NA,NA,NA,NA,-0.356708343766156,38.6
"CA-17","KHANNA (D CA-17)","D",2016,NA,17,NA,233192,0,NA,NA,"CA",NA,NA,NA,NA,NA,NA,NA,NA,NA,NA,NA,NA,NA,NA,NA,NA,NA,78.3,"Ro Khanna",NA,NA,NA,NA,-1.39822373249278,21.7
"CA-18","ESHOO (D CA-18)","D",2016,NA,18,1,230460,93470,NA,NA,"CA",NA,NA,NA,NA,NA,NA,NA,NA,NA,NA,NA,NA,NA,NA,NA,NA,NA,78.4,"Anna Eshoo",NA,NA,NA,NA,-0.824769612065581,21.6
"CA-19","LOFGREN (D CA-19)","D",2016,NA,19,1,181802,64061,NA,NA,"CA",NA,NA,NA,NA,NA,NA,NA,NA,NA,NA,NA,NA,NA,NA,NA,NA,NA,77.2,"Zoe Lofgren",NA,NA,NA,NA,-0.806991658362701,22.8
"CA-2","HUFFMAN (D CA-2)","D",2016,NA,2,1,254194,76572,NA,NA,"CA",NA,NA,NA,NA,NA,NA,NA,NA,NA,NA,NA,NA,NA,NA,NA,NA,NA,74.8,"Jared Huffman",NA,NA,NA,NA,-0.770996371331599,25.2
"CA-20","PANETTA (D CA-20)","D",2016,NA,20,NA,180980,74811,NA,NA,"CA",NA,NA,NA,NA,NA,NA,NA,NA,NA,NA,NA,NA,NA,NA,NA,NA,NA,75.2,"Jimmy Panetta",NA,NA,NA,NA,-0.747811080160072,24.8
"CA-21","VALADAO (R CA-21)","R",2016,NA,21,-1,57282,75126,NA,NA,"CA",NA,NA,NA,NA,NA,NA,NA,NA,NA,NA,NA,NA,NA,NA,NA,NA,NA,58.2,"David Valadao",NA,NA,NA,NA,0.608018150382837,41.8
"CA-22","NUNES (R CA-22)","R",2016,NA,22,-1,76211,158755,NA,NA,"CA",NA,NA,NA,NA,NA,NA,NA,NA,NA,NA,NA,NA,NA,NA,NA,NA,NA,45,"Devin Nunes",NA,NA,NA,NA,1.17483978359811,55
"CA-23","MCCARTHY (R CA-23)","R",2016,NA,23,-1,74468,167116,NA,NA,"CA",NA,NA,NA,NA,NA,NA,NA,NA,NA,NA,NA,NA,NA,NA,NA,NA,NA,38.3,"Kevin McCarthy",NA,NA,NA,NA,1.1994973536827,61.7
"CA-24","CARBAJAL (D CA-24)","D",2016,NA,24,NA,166034,144780,NA,NA,"CA",NA,NA,NA,NA,NA,NA,NA,NA,NA,NA,NA,NA,NA,NA,NA,NA,NA,60.8,"Salud Carbajal",NA,NA,NA,NA,-0.914498497081065,39.2
"CA-25","KNIGHT (R CA-25)","R",2016,NA,25,-1,122406,138755,NA,NA,"CA",NA,NA,NA,NA,NA,NA,NA,NA,NA,NA,NA,NA,NA,NA,NA,NA,NA,53.6,"Steve Knight",NA,NA,NA,NA,0.671415411645313,46.4
"CA-26","BROWNLEY (D CA-26)","D",2016,NA,26,1,169248,111059,NA,NA,"CA",NA,NA,NA,NA,NA,NA,NA,NA,NA,NA,NA,NA,NA,NA,NA,NA,NA,61.7,"Julia Brownley",NA,NA,NA,NA,-0.710244505434198,38.3
"CA-27","CHU (D CA-27)","D",2016,NA,27,1,168977,81655,NA,NA,"CA",NA,NA,NA,NA,NA,NA,NA,NA,NA,NA,NA,NA,NA,NA,NA,NA,NA,69.9,"Judy Chu",NA,NA,NA,NA,-1.16983758953677,30.1
"CA-28","SCHIFF (D CA-28)","D",2016,NA,28,1,210883,59526,NA,NA,"CA",NA,NA,NA,NA,NA,NA,NA,NA,NA,NA,NA,NA,NA,NA,NA,NA,NA,76.4,"Adam Schiff",NA,NA,NA,NA,-1.22958612555248,23.6
"CA-29","CARDENAS (D CA-29)","D",2016,NA,29,1,171824,0,NA,NA,"CA",NA,NA,NA,NA,NA,NA,NA,NA,NA,NA,NA,NA,NA,NA,NA,NA,NA,82.2,"Tony Cardenas",NA,NA,NA,NA,-0.769043985731088,17.8
"CA-3","GARAMENDI (D CA-3)","D",2016,NA,3,1,152513,104453,NA,NA,"CA",NA,NA,NA,NA,NA,NA,NA,NA,NA,NA,NA,NA,NA,NA,NA,NA,NA,56.7,"John Garamendi",NA,NA,NA,NA,-1.10730061325082,43.3
"CA-30","SHERMAN (D CA-30)","D",2016,NA,30,1,205279,77325,NA,NA,"CA",NA,NA,NA,NA,NA,NA,NA,NA,NA,NA,NA,NA,NA,NA,NA,NA,NA,72.9,"Brad Sherman",NA,NA,NA,NA,-0.783176194467341,27.1
"CA-31","AGUILAR (D CA-31)","D",2016,NA,31,1,121070,94866,NA,NA,"CA",NA,NA,NA,NA,NA,NA,NA,NA,NA,NA,NA,NA,NA,NA,NA,NA,NA,61.2,"Pete Aguilar",NA,NA,NA,NA,-0.704613824062412,38.8
"CA-32","NAPOLITANO (D CA-32)","D",2016,NA,32,1,186646,0,NA,NA,"CA",NA,NA,NA,NA,NA,NA,NA,NA,NA,NA,NA,NA,NA,NA,NA,NA,NA,70.6,"Grace Napolitano",NA,NA,NA,NA,-1.06341639159536,29.4
"CA-33","LIEU (D CA-33)","D",2016,NA,33,1,219397,110822,NA,NA,"CA",NA,NA,NA,NA,NA,NA,NA,NA,NA,NA,NA,NA,NA,NA,NA,NA,NA,71.9,"Ted Lieu",NA,NA,NA,NA,-0.907327896445255,28.1
"CA-34","BECERRA (D CA-34)","D",2016,NA,34,1,159156,0,NA,NA,"CA",NA,NA,NA,NA,NA,NA,NA,NA,NA,NA,NA,NA,NA,NA,NA,NA,NA,88.7,"Xavier Becerra",NA,NA,NA,NA,-1.16434367264049,11.3
"CA-35","TORRES (D CA-35)","D",2016,NA,35,1,124044,47309,NA,NA,"CA",NA,NA,NA,NA,NA,NA,NA,NA,NA,NA,NA,NA,NA,NA,NA,NA,NA,71.6,"Norma Torres",NA,NA,NA,NA,-0.991428821371222,28.4
"CA-36","RUIZ (D CA-36)","D",2016,NA,36,1,144348,88269,NA,NA,"CA",NA,NA,NA,NA,NA,NA,NA,NA,NA,NA,NA,NA,NA,NA,NA,NA,NA,54.6,"Raul Ruiz",NA,NA,NA,NA,-0.665862331165912,45.4
"CA-37","BASS (D CA-37)","D",2016,NA,37,1,237272,0,NA,NA,"CA",NA,NA,NA,NA,NA,NA,NA,NA,NA,NA,NA,NA,NA,NA,NA,NA,NA,89.9,"Karen Bass",NA,NA,NA,NA,-1.82179769867989,10.1
"CA-38","SANCHEZ (D CA-38)","D",2016,NA,38,1,163590,68524,NA,NA,"CA",NA,NA,NA,NA,NA,NA,NA,NA,NA,NA,NA,NA,NA,NA,NA,NA,NA,71,"Linda Sanchez",NA,NA,NA,NA,-1.62010059211719,29
"CA-39","ROYCE (R CA-39)","R",2016,NA,39,-1,112679,150777,NA,NA,"CA",NA,NA,NA,NA,NA,NA,NA,NA,NA,NA,NA,NA,NA,NA,NA,NA,NA,54.6,"Ed Royce",NA,NA,NA,NA,0.500421971450075,45.4
"CA-4","MCCLINTOCK (R CA-4)","R",2016,NA,4,-1,130845,220133,NA,NA,"CA",NA,NA,NA,NA,NA,NA,NA,NA,NA,NA,NA,NA,NA,NA,NA,NA,NA,42.1,"Tom McClintock",NA,NA,NA,NA,0.438952692496774,57.9
"CA-40","ROYBAL-ALLA (D CA-40)","D",2016,NA,40,1,106554,0,NA,NA,"CA",NA,NA,NA,NA,NA,NA,NA,NA,NA,NA,NA,NA,NA,NA,NA,NA,NA,86.5,"Lucille Roybal-Allard",NA,NA,NA,NA,-0.833357294160853,13.5
"CA-41","TAKANO (D CA-41)","D",2016,NA,41,1,128164,69159,NA,NA,"CA",NA,NA,NA,NA,NA,NA,NA,NA,NA,NA,NA,NA,NA,NA,NA,NA,NA,64.8,"Mark Takano",NA,NA,NA,NA,-1.13330293617061,35.2
"CA-42","CALVERT (R CA-42)","R",2016,NA,42,-1,104689,149547,NA,NA,"CA",NA,NA,NA,NA,NA,NA,NA,NA,NA,NA,NA,NA,NA,NA,NA,NA,NA,43.7,"Ken Calvert",NA,NA,NA,NA,0.964296629810695,56.3
"CA-43","WATERS (D CA-43)","D",2016,NA,43,1,167017,52499,NA,NA,"CA",NA,NA,NA,NA,NA,NA,NA,NA,NA,NA,NA,NA,NA,NA,NA,NA,NA,82.4,"Maxine Waters",NA,NA,NA,NA,-1.4005588120829,17.6
"CA-44","BARRAGAN (D CA-44)","D",2016,NA,44,NA,178413,0,NA,NA,"CA",NA,NA,NA,NA,NA,NA,NA,NA,NA,NA,NA,NA,NA,NA,NA,NA,NA,87.1,"Nanette Barragan",NA,NA,NA,NA,-1.33782220850858,12.9
"CA-45","WALTERS (R CA-45)","R",2016,NA,45,-1,129231,182618,NA,NA,"CA",NA,NA,NA,NA,NA,NA,NA,NA,NA,NA,NA,NA,NA,NA,NA,NA,NA,52.9,"Mimi Walters",NA,NA,NA,NA,1.07607865701837,47.1
"CA-46","CORREA (D CA-46)","D",2016,NA,46,NA,164593,0,NA,NA,"CA",NA,NA,NA,NA,NA,NA,NA,NA,NA,NA,NA,NA,NA,NA,NA,NA,NA,70.4,"Lou Correa",NA,NA,NA,NA,-0.612417227420405,29.6
"CA-47","LOWENTHAL (D CA-47)","D",2016,NA,47,1,154759,88109,NA,NA,"CA",NA,NA,NA,NA,NA,NA,NA,NA,NA,NA,NA,NA,NA,NA,NA,NA,NA,66.9,"Alan Lowenthal",NA,NA,NA,NA,-1.23875125890557,33.1
"CA-48","ROHRABACHER (R CA-48)","R",2016,NA,48,-1,127715,178701,NA,NA,"CA",NA,NA,NA,NA,NA,NA,NA,NA,NA,NA,NA,NA,NA,NA,NA,NA,NA,50.9,"Dana Rohrabacher",NA,NA,NA,NA,0.324382861240574,49.1
"CA-49","ISSA (R CA-49)","R",2016,NA,49,-1,154267,155888,NA,NA,"CA",NA,NA,NA,NA,NA,NA,NA,NA,NA,NA,NA,NA,NA,NA,NA,NA,NA,54,"Darrell Issa",NA,NA,NA,NA,0.819391026209131,46
"CA-5","THOMPSON (D CA-5)","D",2016,NA,5,1,224526,67565,NA,NA,"CA",NA,NA,NA,NA,NA,NA,NA,NA,NA,NA,NA,NA,NA,NA,NA,NA,NA,74,"Mike Thompson",NA,NA,NA,NA,-0.78304656882679,26
"CA-50","HUNTER (R CA-50)","R",2016,NA,50,-1,103646,179937,NA,NA,"CA",NA,NA,NA,NA,NA,NA,NA,NA,NA,NA,NA,NA,NA,NA,NA,NA,NA,42,"Duncan D. Hunter",NA,NA,NA,NA,1.43502533747351,58
"CA-51","VARGAS (D CA-51)","D",2016,NA,51,1,145162,54362,NA,NA,"CA",NA,NA,NA,NA,NA,NA,NA,NA,NA,NA,NA,NA,NA,NA,NA,NA,NA,75.9,"Juan Vargas",NA,NA,NA,NA,-1.07531305755936,24.1
"CA-52","PETERS (D CA-52)","D",2016,NA,52,1,181253,139403,NA,NA,"CA",NA,NA,NA,NA,NA,NA,NA,NA,NA,NA,NA,NA,NA,NA,NA,NA,NA,62,"Scott Peters",NA,NA,NA,NA,-0.457831808727944,38
"CA-53","DAVIS (D CA-53)","D",2016,NA,53,1,198988,97968,NA,NA,"CA",NA,NA,NA,NA,NA,NA,NA,NA,NA,NA,NA,NA,NA,NA,NA,NA,NA,68.5,"Susan Davis",NA,NA,NA,NA,-0.830756651799553,31.5
"CA-6","MATSUI (D CA-6)","D",2016,NA,6,1,177565,57848,NA,NA,"CA",NA,NA,NA,NA,NA,NA,NA,NA,NA,NA,NA,NA,NA,NA,NA,NA,NA,73.9,"Doris Matsui",NA,NA,NA,NA,-0.824445714172613,26.1
"CA-7","BERA (D CA-7)","D",2016,NA,7,1,152133,145168,NA,NA,"CA",NA,NA,NA,NA,NA,NA,NA,NA,NA,NA,NA,NA,NA,NA,NA,NA,NA,56.1,"Ami Bera",NA,NA,NA,NA,-0.624549876888579,43.9
"CA-8","COOK (R CA-8)","R",2016,NA,8,-1,83035,136972,NA,NA,"CA",NA,NA,NA,NA,NA,NA,NA,NA,NA,NA,NA,NA,NA,NA,NA,NA,NA,42,"Paul Cook",NA,NA,NA,NA,1.06158984288015,58
"CA-9","MCNERNEY (D CA-9)","D",2016,NA,9,1,133163,98992,NA,NA,"CA",NA,NA,NA,NA,NA,NA,NA,NA,NA,NA,NA,NA,NA,NA,NA,NA,NA,59.8,"Jerry McNerney",NA,NA,NA,NA,-1.01848945667617,40.2
"CO-1","DEGETTE (D CO-1)","D",2016,NA,1,1,257254,105030,NA,NA,"CO",NA,NA,NA,NA,NA,NA,NA,NA,NA,NA,NA,NA,NA,NA,NA,NA,NA,74.8,"Diana DeGette",NA,NA,NA,NA,-1.20059808383322,25.2
"CO-2","POLIS (D CO-2)","D",2016,NA,2,1,260175,170001,NA,NA,"CO",NA,NA,NA,NA,NA,NA,NA,NA,NA,NA,NA,NA,NA,NA,NA,NA,NA,61.7,"Jared Polis",NA,NA,NA,NA,-0.671196389835252,38.3
"CO-3","TIPTON (R CO-3)","R",2016,NA,3,-1,150914,204220,NA,NA,"CO",NA,NA,NA,NA,NA,NA,NA,NA,NA,NA,NA,NA,NA,NA,NA,NA,NA,43.5,"Scott Tipton",NA,NA,NA,NA,0.382043376133467,56.5
"CO-4","BUCK (R CO-4)","R",2016,NA,4,-1,123642,248155,NA,NA,"CO",NA,NA,NA,NA,NA,NA,NA,NA,NA,NA,NA,NA,NA,NA,NA,NA,NA,37.4,"Ken Buck",NA,NA,NA,NA,0.936153619971054,62.6
"CO-5","LAMBORN (R CO-5)","R",2016,NA,5,-1,111676,225445,NA,NA,"CO",NA,NA,NA,NA,NA,NA,NA,NA,NA,NA,NA,NA,NA,NA,NA,NA,NA,36.7,"Doug Lamborn",NA,NA,NA,NA,1.70242209418219,63.3
"CO-6","COFFMAN (R CO-6)","R",2016,NA,6,-1,160372,191626,NA,NA,"CO",NA,NA,NA,NA,NA,NA,NA,NA,NA,NA,NA,NA,NA,NA,NA,NA,NA,54.9,"Mike Coffman",NA,NA,NA,NA,0.397737618553426,45.1
"CO-7","PERLMUTTER (D CO-7)","D",2016,NA,7,1,199758,144066,NA,NA,"CO",NA,NA,NA,NA,NA,NA,NA,NA,NA,NA,NA,NA,NA,NA,NA,NA,NA,56.6,"Ed Perlmutter",NA,NA,NA,NA,-0.610612881861803,43.4
"CT-1","LARSON (D CT-1)","D",2016,NA,1,1,200686,105674,NA,NA,"CT",NA,NA,NA,NA,NA,NA,NA,NA,NA,NA,NA,NA,NA,NA,NA,NA,NA,62.1,"John Larson",NA,NA,NA,NA,-1.00833471431044,37.9
"CT-2","COURTNEY (D CT-2)","D",2016,NA,2,1,208818,111149,NA,NA,"CT",NA,NA,NA,NA,NA,NA,NA,NA,NA,NA,NA,NA,NA,NA,NA,NA,NA,51.5,"Joe Courtney",NA,NA,NA,NA,-0.878184456511141,48.5
"CT-3","DELAURO (D CT-3)","D",2016,NA,3,1,213572,95786,NA,NA,"CT",NA,NA,NA,NA,NA,NA,NA,NA,NA,NA,NA,NA,NA,NA,NA,NA,NA,58,"Rosa DeLauro",NA,NA,NA,NA,-1.12498981224684,42
"CT-4","HIMES (D CT-4)","D",2016,NA,4,1,187811,125724,NA,NA,"CT",NA,NA,NA,NA,NA,NA,NA,NA,NA,NA,NA,NA,NA,NA,NA,NA,NA,62,"Jim Himes",NA,NA,NA,NA,-0.607949157571655,38
"CT-5","ESTY (D CT-5)","D",2016,NA,5,1,179252,129801,NA,NA,"CT",NA,NA,NA,NA,NA,NA,NA,NA,NA,NA,NA,NA,NA,NA,NA,NA,NA,52.1,"Elizabeth Etsy",NA,NA,NA,NA,-0.807785005496826,47.9
"DE-1","BLUNT (D DE-1)","D",2016,NA,1,NA,233554,172301,NA,NA,"DE",NA,NA,NA,NA,NA,NA,NA,NA,NA,NA,NA,NA,NA,NA,NA,NA,NA,56,"Lisa Blunt Rochester",NA,NA,NA,NA,-1.07866004872037,44
"FL-1","GAETZ (R FL-1)","R",2016,NA,1,0,114079,255107,NA,NA,"FL",NA,NA,NA,NA,NA,NA,NA,NA,NA,NA,NA,NA,NA,NA,NA,NA,NA,29.5,"Matt Gaetz",NA,NA,NA,NA,0.537328280583636,70.5
"FL-10","DEMINGS (D FL-10)","D",2016,NA,10,0,198491,107498,NA,NA,"FL",NA,NA,NA,NA,NA,NA,NA,NA,NA,NA,NA,NA,NA,NA,NA,NA,NA,63.9,"Val Demings",NA,NA,NA,NA,-0.96890974985671,36.1
"FL-11","WEBSTER (R FL-11)","R",2016,NA,11,-1,124713,258016,NA,NA,"FL",NA,NA,NA,NA,NA,NA,NA,NA,NA,NA,NA,NA,NA,NA,NA,NA,NA,33.4,"Dan Webster",NA,NA,NA,NA,1.73544882686796,66.6
"FL-12","BILIRAKIS (R FL-12)","R",2016,NA,12,-1,116110,253559,NA,NA,"FL",NA,NA,NA,NA,NA,NA,NA,NA,NA,NA,NA,NA,NA,NA,NA,NA,NA,40.3,"Gus Bilirakis",NA,NA,NA,NA,1.13242368757275,59.7
"FL-13","CRIST (D FL-13)","D",2016,NA,13,-1,184693,171149,NA,NA,"FL",NA,NA,NA,NA,NA,NA,NA,NA,NA,NA,NA,NA,NA,NA,NA,NA,NA,51.7,"Charlie Crist",NA,NA,NA,NA,-0.522699422612567,48.3
"FL-14","CASTOR (D FL-14)","D",2016,NA,14,1,195789,121088,NA,NA,"FL",NA,NA,NA,NA,NA,NA,NA,NA,NA,NA,NA,NA,NA,NA,NA,NA,NA,59.5,"Kathy Castor",NA,NA,NA,NA,-1.17316339032461,40.5
"FL-15","ROSS (R FL-15)","R",2016,NA,15,-1,135475,182999,NA,NA,"FL",NA,NA,NA,NA,NA,NA,NA,NA,NA,NA,NA,NA,NA,NA,NA,NA,NA,44.8,"Dennis Ross",NA,NA,NA,NA,0.851818824290739,55.2
"FL-16","BUCHANAN (R FL-16)","R",2016,NA,16,-1,155262,230654,NA,NA,"FL",NA,NA,NA,NA,NA,NA,NA,NA,NA,NA,NA,NA,NA,NA,NA,NA,NA,44.5,"Vern Buchanan",NA,NA,NA,NA,0.960384264510584,55.5
"FL-17","ROONEY (R FL-17)","R",2016,NA,17,-1,115974,209348,NA,NA,"FL",NA,NA,NA,NA,NA,NA,NA,NA,NA,NA,NA,NA,NA,NA,NA,NA,NA,36,"Tom Rooney",NA,NA,NA,NA,0.513308241228678,64
"FL-18","MAST (R FL-18)","R",2016,NA,18,0,161918,201488,NA,NA,"FL",NA,NA,NA,NA,NA,NA,NA,NA,NA,NA,NA,NA,NA,NA,NA,NA,NA,45.3,"Brian Mast",NA,NA,NA,NA,0.476205166011215,54.7
"FL-19","ROONEY (R FL-19)","R",2016,NA,19,0,123812,239225,NA,NA,"FL",NA,NA,NA,NA,NA,NA,NA,NA,NA,NA,NA,NA,NA,NA,NA,NA,NA,38.6,"Francis Rooney",NA,NA,NA,NA,1.04522394175399,61.4
"FL-2","DUNN (R FL-2)","R",2016,NA,2,0,102801,231163,NA,NA,"FL",NA,NA,NA,NA,NA,NA,NA,NA,NA,NA,NA,NA,NA,NA,NA,NA,NA,31.6,"Neal Dunn",NA,NA,NA,NA,0.964798472297586,68.4
"FL-20","HASTINGS (D FL-20)","D",2016,NA,20,1,222914,54646,NA,NA,"FL",NA,NA,NA,NA,NA,NA,NA,NA,NA,NA,NA,NA,NA,NA,NA,NA,NA,81.6,"Alcee Hastings",NA,NA,NA,NA,-1.33670656356483,18.4
"FL-21","FRANKEL (D FL-21)","D",2016,NA,21,1,210606,118038,NA,NA,"FL",NA,NA,NA,NA,NA,NA,NA,NA,NA,NA,NA,NA,NA,NA,NA,NA,NA,60,"Lois Frankel",NA,NA,NA,NA,-1.10031421505036,40
"FL-22","DEUTCH (D FL-22)","D",2016,NA,22,1,199113,138737,NA,NA,"FL",NA,NA,NA,NA,NA,NA,NA,NA,NA,NA,NA,NA,NA,NA,NA,NA,NA,58.1,"Ted Deutch",NA,NA,NA,NA,-0.963295276322393,41.9
"FL-23","WASSERMAN (D FL-23)","D",2016,NA,23,1,183225,130818,NA,NA,"FL",NA,NA,NA,NA,NA,NA,NA,NA,NA,NA,NA,NA,NA,NA,NA,NA,NA,63.4,"Debbie Wasserman Schultz",NA,NA,NA,NA,-0.980342000055959,36.6
"FL-24","WILSON (D FL-24)","D",2016,NA,24,1,0,0,NA,NA,"FL",NA,NA,NA,NA,NA,NA,NA,NA,NA,NA,NA,NA,NA,NA,NA,NA,NA,84.4,"Frederica Wilson",NA,NA,NA,NA,-1.34533771631325,15.6
"FL-25","DIAZ-BALART (R FL-25)","R",2016,NA,25,-1,95319,157921,NA,NA,"FL",NA,NA,NA,NA,NA,NA,NA,NA,NA,NA,NA,NA,NA,NA,NA,NA,NA,49.1,"Mario Diaz-Balart",NA,NA,NA,NA,0.289329910749067,50.9
"FL-26","CURBELO (R FL-26)","R",2016,NA,26,-1,115493,148547,NA,NA,"FL",NA,NA,NA,NA,NA,NA,NA,NA,NA,NA,NA,NA,NA,NA,NA,NA,NA,58.3,"Carlos Curbelo",NA,NA,NA,NA,0.142914836698698,41.7
"FL-27","ROS-LEHTINE (R FL-27)","R",2016,NA,27,-1,129760,157917,NA,NA,"FL",NA,NA,NA,NA,NA,NA,NA,NA,NA,NA,NA,NA,NA,NA,NA,NA,NA,60.1,"Ileana Ros-Lehtinen",NA,NA,NA,NA,0.110874326348323,39.9
"FL-3","YOHO (R FL-3)","R",2016,NA,3,-1,136338,193843,NA,NA,"FL",NA,NA,NA,NA,NA,NA,NA,NA,NA,NA,NA,NA,NA,NA,NA,NA,NA,41.7,"Ted Yoho",NA,NA,NA,NA,1.18648149269682,58.3
"FL-4","RUTHERFORD (R FL-4)","R",2016,NA,4,0,113088,287509,NA,NA,"FL",NA,NA,NA,NA,NA,NA,NA,NA,NA,NA,NA,NA,NA,NA,NA,NA,NA,35.4,"John Rutherford",NA,NA,NA,NA,0.897242939355573,64.6
"FL-5","LAWSON (D FL-5)","D",2016,NA,5,0,194549,108325,NA,NA,"FL",NA,NA,NA,NA,NA,NA,NA,NA,NA,NA,NA,NA,NA,NA,NA,NA,NA,63.1,"Al Lawson",NA,NA,NA,NA,-0.635124184029564,36.9
"FL-6","DESANTIS (R FL-6)","R",2016,NA,6,-1,151051,213519,NA,NA,"FL",NA,NA,NA,NA,NA,NA,NA,NA,NA,NA,NA,NA,NA,NA,NA,NA,NA,41.2,"Ron DeSantis",NA,NA,NA,NA,0.581669319665598,58.8
"FL-7","MURPHY (D FL-7)","D",2016,NA,7,-1,182039,171583,NA,NA,"FL",NA,NA,NA,NA,NA,NA,NA,NA,NA,NA,NA,NA,NA,NA,NA,NA,NA,53.8,"Stephanie Murphy",NA,NA,NA,NA,-0.48232485554341,46.2
"FL-8","POSEY (R FL-8)","R",2016,NA,8,-1,127127,246483,NA,NA,"FL",NA,NA,NA,NA,NA,NA,NA,NA,NA,NA,NA,NA,NA,NA,NA,NA,NA,39.2,"Bill Posey",NA,NA,NA,NA,0.472475171369602,60.8
"FL-9","SOTO (D FL-9)","D",2016,NA,9,0,195311,144450,NA,NA,"FL",NA,NA,NA,NA,NA,NA,NA,NA,NA,NA,NA,NA,NA,NA,NA,NA,NA,56.7,"Darren Soto",NA,NA,NA,NA,-0.815229395297279,43.3
"GA-1","CARTER (R GA-1)","R",2016,NA,1,-1,0,210243,NA,NA,"GA",NA,NA,NA,NA,NA,NA,NA,NA,NA,NA,NA,NA,NA,NA,NA,NA,NA,42,"Buddy Carter",NA,NA,NA,NA,0.659821741249029,58
"GA-10","HICE (R GA-10)","R",2016,NA,10,-1,0,243725,NA,NA,"GA",NA,NA,NA,NA,NA,NA,NA,NA,NA,NA,NA,NA,NA,NA,NA,NA,NA,36.9,"Jody Hice",NA,NA,NA,NA,0.785465841818797,63.1
"GA-11","LOUDERMILK (R GA-11)","R",2016,NA,11,-1,105383,217935,NA,NA,"GA",NA,NA,NA,NA,NA,NA,NA,NA,NA,NA,NA,NA,NA,NA,NA,NA,NA,36.9,"Barry Loudermilk",NA,NA,NA,NA,1.17846306719803,63.1
"GA-12","ALLEN (R GA-12)","R",2016,NA,12,-1,99420,159492,NA,NA,"GA",NA,NA,NA,NA,NA,NA,NA,NA,NA,NA,NA,NA,NA,NA,NA,NA,NA,41.7,"Rick Allen",NA,NA,NA,NA,1.09755279376285,58.3
"GA-13","SCOTT (D GA-13)","D",2016,NA,13,1,252833,0,NA,NA,"GA",NA,NA,NA,NA,NA,NA,NA,NA,NA,NA,NA,NA,NA,NA,NA,NA,NA,72.7,"David Scott",NA,NA,NA,NA,-0.712645373219001,27.3
"GA-14","GRAVES (R GA-14)","R",2016,NA,14,-1,0,216743,NA,NA,"GA",NA,NA,NA,NA,NA,NA,NA,NA,NA,NA,NA,NA,NA,NA,NA,NA,NA,22.8,"Tom Graves",NA,NA,NA,NA,0.544728870243002,77.2
"GA-2","BISHOP (D GA-2)","D",2016,NA,2,1,148543,94056,NA,NA,"GA",NA,NA,NA,NA,NA,NA,NA,NA,NA,NA,NA,NA,NA,NA,NA,NA,NA,56,"Sanford Bishop",NA,NA,NA,NA,-0.625293433117563,44
"GA-3","FERGUSON (R GA-3)","R",2016,NA,3,-1,95969,207218,NA,NA,"GA",NA,NA,NA,NA,NA,NA,NA,NA,NA,NA,NA,NA,NA,NA,NA,NA,NA,33.8,"Drew Ferguson",NA,NA,NA,NA,1.58971477866729,66.2
"GA-4","JOHNSON (D GA-4)","D",2016,NA,4,1,220146,70593,NA,NA,"GA",NA,NA,NA,NA,NA,NA,NA,NA,NA,NA,NA,NA,NA,NA,NA,NA,NA,77.2,"Hank Johnson",NA,NA,NA,NA,-0.746926620297951,22.8
"GA-5","LEWIS (D GA-5)","D",2016,NA,5,1,253781,46768,NA,NA,"GA",NA,NA,NA,NA,NA,NA,NA,NA,NA,NA,NA,NA,NA,NA,NA,NA,NA,87.7,"John Lewis",NA,NA,NA,NA,-1.81959973077988,12.3
"GA-7","WOODALL (R GA-7)","R",2016,NA,7,-1,114220,174081,NA,NA,"GA",NA,NA,NA,NA,NA,NA,NA,NA,NA,NA,NA,NA,NA,NA,NA,NA,NA,46.7,"Rob Woodall",NA,NA,NA,NA,0.620896480206585,53.3
"GA-8","SCOTT (R GA-8)","R",2016,NA,8,-1,83225,173983,NA,NA,"GA",NA,NA,NA,NA,NA,NA,NA,NA,NA,NA,NA,NA,NA,NA,NA,NA,NA,35.2,"Austin Scott",NA,NA,NA,NA,1.27907923220083,64.8
"GA-9","COLLINS (R GA-9)","R",2016,NA,9,-1,0,256535,NA,NA,"GA",NA,NA,NA,NA,NA,NA,NA,NA,NA,NA,NA,NA,NA,NA,NA,NA,NA,19.9,"Doug Collins",NA,NA,NA,NA,0.621185872239349,80.1
"HI-1","HANABUSA (D HI-1)","D",2016,NA,1,NA,145417,45958,NA,NA,"HI",NA,NA,NA,NA,NA,NA,NA,NA,NA,NA,NA,NA,NA,NA,NA,NA,NA,67.4,"Colleen Hanabusa",NA,NA,NA,NA,-1.32632469364862,32.6
"HI-2","GABBARD (D HI-2)","D",2016,NA,2,1,170848,39668,NA,NA,"HI",NA,NA,NA,NA,NA,NA,NA,NA,NA,NA,NA,NA,NA,NA,NA,NA,NA,67.5,"Tulsi Gabbard",NA,NA,NA,NA,-0.672881058181088,32.5
"IA-1","BLUM (R IA-1)","R",2016,NA,1,-1,177403,206903,NA,NA,"IA",NA,NA,NA,NA,NA,NA,NA,NA,NA,NA,NA,NA,NA,NA,NA,NA,NA,48.1,"Rod Blum",NA,NA,NA,NA,0.24375671281769,51.9
"IA-2","LOEBSACK (D IA-2)","D",2016,NA,2,1,198571,170933,NA,NA,"IA",NA,NA,NA,NA,NA,NA,NA,NA,NA,NA,NA,NA,NA,NA,NA,NA,NA,47.8,"Dave Loebsack",NA,NA,NA,NA,-0.661066987265684,52.2
"IA-3","YOUNG (R IA-3)","R",2016,NA,3,-1,155002,208598,NA,NA,"IA",NA,NA,NA,NA,NA,NA,NA,NA,NA,NA,NA,NA,NA,NA,NA,NA,NA,48.1,"David Young",NA,NA,NA,NA,0.343426919836321,51.9
"IA-4","KING (R IA-4)","R",2016,NA,4,-1,142993,226719,NA,NA,"IA",NA,NA,NA,NA,NA,NA,NA,NA,NA,NA,NA,NA,NA,NA,NA,NA,NA,35.5,"Steve King",NA,NA,NA,NA,1.46371349064401,64.5
"ID-1","LABRADOR (R ID-1)","R",2016,NA,1,-1,113052,242252,NA,NA,"ID",NA,NA,NA,NA,NA,NA,NA,NA,NA,NA,NA,NA,NA,NA,NA,NA,NA,28.5,"Raul Labrador",NA,NA,NA,NA,0.552630939302823,71.5
"ID-2","SIMPSON (R ID-2)","R",2016,NA,2,-1,95940,205292,NA,NA,"ID",NA,NA,NA,NA,NA,NA,NA,NA,NA,NA,NA,NA,NA,NA,NA,NA,NA,35.3,"Mike Simpson",NA,NA,NA,NA,1.05500108301622,64.7
"IL-1","RUSH (D IL-1)","D",2016,NA,1,1,234037,81817,NA,NA,"IL",NA,NA,NA,NA,NA,NA,NA,NA,NA,NA,NA,NA,NA,NA,NA,NA,NA,77.9,"Bobby Rush",NA,NA,NA,NA,-0.99669444546783,22.1
"IL-10","SCHNEIDER (D IL-10)","D",2016,NA,10,-1,150435,135535,NA,NA,"IL",NA,NA,NA,NA,NA,NA,NA,NA,NA,NA,NA,NA,NA,NA,NA,NA,NA,65.5,"Brad Schneider",NA,NA,NA,NA,-0.503135036309092,34.5
"IL-11","FOSTER (D IL-11)","D",2016,NA,11,1,166578,108995,NA,NA,"IL",NA,NA,NA,NA,NA,NA,NA,NA,NA,NA,NA,NA,NA,NA,NA,NA,NA,62.5,"Bill Foster",NA,NA,NA,NA,-0.778143111045369,37.5
"IL-12","BOST (R IL-12)","R",2016,NA,12,-1,124246,169976,NA,NA,"IL",NA,NA,NA,NA,NA,NA,NA,NA,NA,NA,NA,NA,NA,NA,NA,NA,NA,42.2,"Mike Bost",NA,NA,NA,NA,0.619431514951988,57.8
"IL-13","DAVIS (R IL-13)","R",2016,NA,13,-1,126811,187583,NA,NA,"IL",NA,NA,NA,NA,NA,NA,NA,NA,NA,NA,NA,NA,NA,NA,NA,NA,NA,47.1,"Rodney Davis",NA,NA,NA,NA,0.439751098494256,52.9
"IL-14","HULTGREN (R IL-14)","R",2016,NA,14,-1,137589,200508,NA,NA,"IL",NA,NA,NA,NA,NA,NA,NA,NA,NA,NA,NA,NA,NA,NA,NA,NA,NA,47.9,"Randy Hultgren",NA,NA,NA,NA,1.0395842902925,52.1
"IL-15","SHIMKUS (R IL-15)","R",2016,NA,15,-1,0,274554,NA,NA,"IL",NA,NA,NA,NA,NA,NA,NA,NA,NA,NA,NA,NA,NA,NA,NA,NA,NA,25.7,"John Shimkus",NA,NA,NA,NA,1.02379799676904,74.3
"IL-16","KINZINGER (R IL-16)","R",2016,NA,16,-1,0,259722,NA,NA,"IL",NA,NA,NA,NA,NA,NA,NA,NA,NA,NA,NA,NA,NA,NA,NA,NA,NA,40.8,"Adam Kinzinger",NA,NA,NA,NA,0.663589101224166,59.2
"IL-17","BUSTOS (D IL-17)","D",2016,NA,17,1,173125,113943,NA,NA,"IL",NA,NA,NA,NA,NA,NA,NA,NA,NA,NA,NA,NA,NA,NA,NA,NA,NA,49.6,"Cheri Bustos",NA,NA,NA,NA,-0.697804515036441,50.4
"IL-18","LAHOOD (R IL-18)","R",2016,NA,18,-1,96770,250506,NA,NA,"IL",NA,NA,NA,NA,NA,NA,NA,NA,NA,NA,NA,NA,NA,NA,NA,NA,NA,35.5,"Darin LaHood",NA,NA,NA,NA,0.860204910783046,64.5
"IL-2","KELLY (D IL-2)","D",2016,NA,2,1,235051,59471,NA,NA,"IL",NA,NA,NA,NA,NA,NA,NA,NA,NA,NA,NA,NA,NA,NA,NA,NA,NA,80.3,"Robin Kelly",NA,NA,NA,NA,-1.16335973662157,19.7
"IL-3","LIPINSKI (D IL-3)","D",2016,NA,3,1,225320,0,NA,NA,"IL",NA,NA,NA,NA,NA,NA,NA,NA,NA,NA,NA,NA,NA,NA,NA,NA,NA,58,"Dan Lipinski",NA,NA,NA,NA,-0.508618020774246,42
"IL-4","GUTIARREZ (D IL-4)","D",2016,NA,4,1,171297,0,NA,NA,"IL",NA,NA,NA,NA,NA,NA,NA,NA,NA,NA,NA,NA,NA,NA,NA,NA,NA,86.1,"Luis Gutierrez",NA,NA,NA,NA,-0.872698050172975,13.9
"IL-5","QUIGLEY (D IL-5)","D",2016,NA,5,1,212842,86222,NA,NA,"IL",NA,NA,NA,NA,NA,NA,NA,NA,NA,NA,NA,NA,NA,NA,NA,NA,NA,74.7,"Mike Quigley",NA,NA,NA,NA,-0.949426749908107,25.3
"IL-6","ROSKAM (R IL-6)","R",2016,NA,6,-1,143591,208555,NA,NA,"IL",NA,NA,NA,NA,NA,NA,NA,NA,NA,NA,NA,NA,NA,NA,NA,NA,NA,53.7,"Peter Roskam",NA,NA,NA,NA,1.0335663644313,46.3
"IL-7","DAVIS (D IL-7)","D",2016,NA,7,1,250584,46882,NA,NA,"IL",NA,NA,NA,NA,NA,NA,NA,NA,NA,NA,NA,NA,NA,NA,NA,NA,NA,90.5,"Danny Davis",NA,NA,NA,NA,-1.29507475765572,9.5
"IL-8","KRISHNAMOOR (D IL-8)","D",2016,NA,8,NA,144954,103617,NA,NA,"IL",NA,NA,NA,NA,NA,NA,NA,NA,NA,NA,NA,NA,NA,NA,NA,NA,NA,61.5,"Raja Krishnamoorthi",NA,NA,NA,NA,-1.01883829805786,38.5
"IL-9","SCHAKOWSKY (D IL-9)","D",2016,NA,9,1,217306,109550,NA,NA,"IL",NA,NA,NA,NA,NA,NA,NA,NA,NA,NA,NA,NA,NA,NA,NA,NA,NA,73.8,"Jan Schakowsky",NA,NA,NA,NA,-2.2137134598106,26.2
"IN-1","VISCLOSKY (D IN-1)","D",2016,NA,1,1,207515,0,NA,NA,"IN",NA,NA,NA,NA,NA,NA,NA,NA,NA,NA,NA,NA,NA,NA,NA,NA,NA,56.6,"Peter Visclosky",NA,NA,NA,NA,-0.798347386076307,43.4
"IN-2","WALORSKI (R IN-2)","R",2016,NA,2,-1,102401,164355,NA,NA,"IN",NA,NA,NA,NA,NA,NA,NA,NA,NA,NA,NA,NA,NA,NA,NA,NA,NA,37.8,"Jackie Walorski",NA,NA,NA,NA,0.786486459175948,62.2
"IN-3","BANKS (R IN-3)","R",2016,NA,3,-1,66023,201396,NA,NA,"IN",NA,NA,NA,NA,NA,NA,NA,NA,NA,NA,NA,NA,NA,NA,NA,NA,NA,31.6,"Jim Banks",NA,NA,NA,NA,1.37240201466198,68.4
"IN-4","ROKITA (R IN-4)","R",2016,NA,4,-1,91256,193412,NA,NA,"IN",NA,NA,NA,NA,NA,NA,NA,NA,NA,NA,NA,NA,NA,NA,NA,NA,NA,32,"Todd Rokita",NA,NA,NA,NA,0.510933190962545,68
"IN-5","BROOKS (R IN-5)","R",2016,NA,5,-1,123849,221957,NA,NA,"IN",NA,NA,NA,NA,NA,NA,NA,NA,NA,NA,NA,NA,NA,NA,NA,NA,NA,43.7,"Susan Brooks",NA,NA,NA,NA,0.939770900866554,56.3
"IN-6","MESSER (R IN-6)","R",2016,NA,6,-1,79135,204920,NA,NA,"IN",NA,NA,NA,NA,NA,NA,NA,NA,NA,NA,NA,NA,NA,NA,NA,NA,NA,28.8,"Luke Messer",NA,NA,NA,NA,1.28894291367851,71.2
"IN-7","CARSON (D IN-7)","D",2016,NA,7,1,158739,94456,NA,NA,"IN",NA,NA,NA,NA,NA,NA,NA,NA,NA,NA,NA,NA,NA,NA,NA,NA,NA,62,"Andre Carson",NA,NA,NA,NA,-1.66304646022746,38
"IN-8","BUCSHON (R IN-8)","R",2016,NA,8,-1,93356,187702,NA,NA,"IN",NA,NA,NA,NA,NA,NA,NA,NA,NA,NA,NA,NA,NA,NA,NA,NA,NA,32.4,"Larry Bucshon",NA,NA,NA,NA,0.72822065039603,67.6
"IN-9","HOLLINGSWOR (R IN-9)","R",2016,NA,9,-1,130627,174791,NA,NA,"IN",NA,NA,NA,NA,NA,NA,NA,NA,NA,NA,NA,NA,NA,NA,NA,NA,NA,35.9,"Trey Hollingsworth",NA,NA,NA,NA,0.583227228908631,64.1
"KS-1","MARSHALL (R KS-1)","R",2016,NA,1,NA,0,169992,NA,NA,"KS",NA,NA,NA,NA,NA,NA,NA,NA,NA,NA,NA,NA,NA,NA,NA,NA,NA,26,"Roger Marshall",NA,NA,NA,NA,0.970837081338978,74
"KS-2","JENKINS (R KS-2)","R",2016,NA,2,-1,96840,181228,NA,NA,"KS",NA,NA,NA,NA,NA,NA,NA,NA,NA,NA,NA,NA,NA,NA,NA,NA,NA,40.1,"Lynn Jenkins",NA,NA,NA,NA,0.590261650592075,59.9
"KS-3","YODER (R KS-3)","R",2016,NA,3,-1,139300,176022,NA,NA,"KS",NA,NA,NA,NA,NA,NA,NA,NA,NA,NA,NA,NA,NA,NA,NA,NA,NA,50.6,"Kevin Yoder",NA,NA,NA,NA,0.468318205685372,49.4
"KS-4","ESTES (R KS-4)","R",2016,NA,4,-1,81495,166998,NA,NA,"KS",NA,NA,NA,NA,NA,NA,NA,NA,NA,NA,NA,NA,NA,NA,NA,NA,NA,35.4,"Mike Pompeo",NA,NA,NA,NA,1.13472837466181,64.6
"KY-1","COMER (R KY-1)","R",2016,NA,1,NA,81710,216959,NA,NA,"KY",NA,NA,NA,NA,NA,NA,NA,NA,NA,NA,NA,NA,NA,NA,NA,NA,NA,24.8,"James Comer",NA,NA,NA,NA,0.796853234469995,75.2
"KY-2","GUTHRIE (R KY-2)","R",2016,NA,2,-1,0,251825,NA,NA,"KY",NA,NA,NA,NA,NA,NA,NA,NA,NA,NA,NA,NA,NA,NA,NA,NA,NA,29,"Brett Guthrie",NA,NA,NA,NA,1.03544189252723,71
"KY-3","YARMUTH (D KY-3)","D",2016,NA,3,1,212401,122093,NA,NA,"KY",NA,NA,NA,NA,NA,NA,NA,NA,NA,NA,NA,NA,NA,NA,NA,NA,NA,57.9,"John Yarmuth",NA,NA,NA,NA,-0.996566128311065,42.1
"KY-4","MASSIE (R KY-4)","R",2016,NA,4,-1,94065,233922,NA,NA,"KY",NA,NA,NA,NA,NA,NA,NA,NA,NA,NA,NA,NA,NA,NA,NA,NA,NA,31,"Thomas Massie",NA,NA,NA,NA,0.20895096729522,69
"KY-5","ROGERS (R KY-5)","R",2016,NA,5,-1,0,221242,NA,NA,"KY",NA,NA,NA,NA,NA,NA,NA,NA,NA,NA,NA,NA,NA,NA,NA,NA,NA,18,"Hal Rogers",NA,NA,NA,NA,0.999322145856815,82
"KY-6","BARR (R KY-6)","R",2016,NA,6,-1,128728,202099,NA,NA,"KY",NA,NA,NA,NA,NA,NA,NA,NA,NA,NA,NA,NA,NA,NA,NA,NA,NA,41.9,"Andy Barr",NA,NA,NA,NA,0.901277269521445,58.1
"LA-1","SCALISE (R LA-1)","R",2016,NA,1,NA,63785,243645,NA,NA,"LA",NA,NA,NA,NA,NA,NA,NA,NA,NA,NA,NA,NA,NA,NA,NA,NA,NA,28,"Steve Scalise",NA,NA,NA,NA,1.13221403312023,72
"LA-2","RICHMOND (D LA-2)","D",2016,NA,2,NA,284269,0,NA,NA,"LA",NA,NA,NA,NA,NA,NA,NA,NA,NA,NA,NA,NA,NA,NA,NA,NA,NA,77.1,"Cedric Richmond",NA,NA,NA,NA,-1.49279317896098,22.9
"LA-3","HIGGINS (R LA-3)","R",2016,NA,3,NA,56215,258632,NA,NA,"LA",NA,NA,NA,NA,NA,NA,NA,NA,NA,NA,NA,NA,NA,NA,NA,NA,NA,30.3,"Clay Higgins",NA,NA,NA,NA,0.824404581383106,69.7
"LA-4","JOHNSON (R LA-4)","R",2016,NA,4,NA,80593,199750,NA,NA,"LA",NA,NA,NA,NA,NA,NA,NA,NA,NA,NA,NA,NA,NA,NA,NA,NA,NA,37.7,"Mike Johnson",NA,NA,NA,NA,1.13932778431639,62.3
"LA-5","ABRAHAM (R LA-5)","R",2016,NA,5,1,0,255662,NA,NA,"LA",NA,NA,NA,NA,NA,NA,NA,NA,NA,NA,NA,NA,NA,NA,NA,NA,NA,34.9,"Ralph Abraham",NA,NA,NA,NA,1.82097433648516,65.1
"LA-6","GRAVES (R LA-6)","R",2016,NA,6,-1,79202,241075,NA,NA,"LA",NA,NA,NA,NA,NA,NA,NA,NA,NA,NA,NA,NA,NA,NA,NA,NA,NA,32.4,"Garret Graves",NA,NA,NA,NA,0.462172841725488,67.6
"MA-1","NEAL (D MA-1)","D",2016,NA,1,1,235803,0,NA,NA,"MA",NA,NA,NA,NA,NA,NA,NA,NA,NA,NA,NA,NA,NA,NA,NA,NA,NA,61,"Richard Neal",NA,NA,NA,NA,-1.06292934377611,39
"MA-2","MCGOVERN (D MA-2)","D",2016,NA,2,1,275487,0,NA,NA,"MA",NA,NA,NA,NA,NA,NA,NA,NA,NA,NA,NA,NA,NA,NA,NA,NA,NA,60.4,"Jim McGovern",NA,NA,NA,NA,-1.8822598560785,39.6
"MA-3","TSONGAS (D MA-3)","D",2016,NA,3,1,236713,107519,NA,NA,"MA",NA,NA,NA,NA,NA,NA,NA,NA,NA,NA,NA,NA,NA,NA,NA,NA,NA,62.2,"Niki Tsongas",NA,NA,NA,NA,-0.748108935839048,37.8
"MA-4","KENNEDY (D MA-4)","D",2016,NA,4,1,265823,113055,NA,NA,"MA",NA,NA,NA,NA,NA,NA,NA,NA,NA,NA,NA,NA,NA,NA,NA,NA,NA,62.8,"Joe Kennedy",NA,NA,NA,NA,-1.07469283278049,37.2
"MA-5","CLARK (D MA-5)","D",2016,NA,5,1,285606,0,NA,NA,"MA",NA,NA,NA,NA,NA,NA,NA,NA,NA,NA,NA,NA,NA,NA,NA,NA,NA,72.9,"Katherine Clark",NA,NA,NA,NA,-1.50497041077861,27.1
"MA-6","MOULTON (D MA-6)","D",2016,NA,6,1,308923,0,NA,NA,"MA",NA,NA,NA,NA,NA,NA,NA,NA,NA,NA,NA,NA,NA,NA,NA,NA,NA,59.5,"Seth Moulton",NA,NA,NA,NA,-0.640464827092167,40.5
"MA-7","CAPUANO (D MA-7)","D",2016,NA,7,1,253354,0,NA,NA,"MA",NA,NA,NA,NA,NA,NA,NA,NA,NA,NA,NA,NA,NA,NA,NA,NA,NA,87.6,"Mike Capuano",NA,NA,NA,NA,-1.07162974754393,12.4
"MA-8","LYNCH (D MA-8)","D",2016,NA,8,1,271019,102744,NA,NA,"MA",NA,NA,NA,NA,NA,NA,NA,NA,NA,NA,NA,NA,NA,NA,NA,NA,NA,63.7,"Stephen Lynch",NA,NA,NA,NA,-1.04422766792674,36.3
"MA-9","KEATING (D MA-9)","D",2016,NA,9,1,211790,127803,NA,NA,"MA",NA,NA,NA,NA,NA,NA,NA,NA,NA,NA,NA,NA,NA,NA,NA,NA,NA,55.7,"Bill Keating",NA,NA,NA,NA,-0.806938175954077,44.3
"MD-1","HARRIS (R MD-1)","R",2016,NA,1,-1,103622,242574,NA,NA,"MD",NA,NA,NA,NA,NA,NA,NA,NA,NA,NA,NA,NA,NA,NA,NA,NA,NA,35.1,"Andy Harris",NA,NA,NA,NA,1.80696814813917,64.9
"MD-2","RUPPERSBERG (D MD-2)","D",2016,NA,2,1,192183,102577,NA,NA,"MD",NA,NA,NA,NA,NA,NA,NA,NA,NA,NA,NA,NA,NA,NA,NA,NA,NA,62.8,"Dutch Ruppersberger",NA,NA,NA,NA,-0.823689271078382,37.2
"MD-3","SARBANES (D MD-3)","D",2016,NA,3,1,214640,115048,NA,NA,"MD",NA,NA,NA,NA,NA,NA,NA,NA,NA,NA,NA,NA,NA,NA,NA,NA,NA,66.2,"John Sarbanes",NA,NA,NA,NA,-1.85150009704616,33.8
"MD-4","BROWN (D MD-4)","D",2016,NA,4,NA,237501,68670,NA,NA,"MD",NA,NA,NA,NA,NA,NA,NA,NA,NA,NA,NA,NA,NA,NA,NA,NA,NA,80.2,"Anthony Brown",NA,NA,NA,NA,-0.914676831057838,19.8
"MD-5","HOYER (D MD-5)","D",2016,NA,5,1,242989,105931,NA,NA,"MD",NA,NA,NA,NA,NA,NA,NA,NA,NA,NA,NA,NA,NA,NA,NA,NA,NA,66.1,"Steny Hoyer",NA,NA,NA,NA,-1.1286800161162,33.9
"MD-6","DELANEY (D MD-6)","D",2016,NA,6,1,185770,133081,NA,NA,"MD",NA,NA,NA,NA,NA,NA,NA,NA,NA,NA,NA,NA,NA,NA,NA,NA,NA,58.4,"John Delaney",NA,NA,NA,NA,-0.608469590609105,41.6
"MD-7","CUMMINGS (D MD-7)","D",2016,NA,7,1,238838,69556,NA,NA,"MD",NA,NA,NA,NA,NA,NA,NA,NA,NA,NA,NA,NA,NA,NA,NA,NA,NA,78.6,"Elijah Cummings",NA,NA,NA,NA,-1.33771178655777,21.4
"MD-8","RASKIN (D MD-8)","D",2016,NA,8,NA,220657,124651,NA,NA,"MD",NA,NA,NA,NA,NA,NA,NA,NA,NA,NA,NA,NA,NA,NA,NA,NA,NA,67.6,"Jamie Raskin",NA,NA,NA,NA,-1.75949382759483,32.4
"ME-1","PINGREE (D ME-1)","D",2016,NA,1,1,227546,164569,NA,NA,"ME",NA,NA,NA,NA,NA,NA,NA,NA,NA,NA,NA,NA,NA,NA,NA,NA,NA,57.9,"Chellie Pingree",NA,NA,NA,NA,-1.11627521999678,42.1
"ME-2","POLIQUIN (R ME-2)","R",2016,NA,2,-1,159081,192878,NA,NA,"ME",NA,NA,NA,NA,NA,NA,NA,NA,NA,NA,NA,NA,NA,NA,NA,NA,NA,44.4,"Bruce Poliquin",NA,NA,NA,NA,0.470949415536557,55.6
"MI-1","BERGMAN (R MI-1)","R",2016,NA,1,NA,144334,197777,NA,NA,"MI",NA,NA,NA,NA,NA,NA,NA,NA,NA,NA,NA,NA,NA,NA,NA,NA,NA,38.7,"Jack Bergman",NA,NA,NA,NA,0.582924522868477,61.3
"MI-10","MITCHELL (R MI-10)","R",2016,NA,10,NA,110112,215132,NA,NA,"MI",NA,NA,NA,NA,NA,NA,NA,NA,NA,NA,NA,NA,NA,NA,NA,NA,NA,33.1,"Paul Mitchell",NA,NA,NA,NA,0.832454542712922,66.9
"MI-11","TROTT (R MI-11)","R",2016,NA,11,-1,152461,200872,NA,NA,"MI",NA,NA,NA,NA,NA,NA,NA,NA,NA,NA,NA,NA,NA,NA,NA,NA,NA,47.7,"Dave Trott",NA,NA,NA,NA,0.875190668366096,52.3
"MI-12","DINGELL (D MI-12)","D",2016,NA,12,1,211378,96104,NA,NA,"MI",NA,NA,NA,NA,NA,NA,NA,NA,NA,NA,NA,NA,NA,NA,NA,NA,NA,63.8,"Debbie Dingell",NA,NA,NA,NA,-1.25331418355623,36.2
"MI-13","CONYERS (D MI-13)","D",2016,NA,13,1,198771,40541,NA,NA,"MI",NA,NA,NA,NA,NA,NA,NA,NA,NA,NA,NA,NA,NA,NA,NA,NA,NA,81.3,"John Conyers",NA,NA,NA,NA,-1.30115158212276,18.7
"MI-14","LAWRENCE (D MI-14)","D",2016,NA,14,1,244135,58103,NA,NA,"MI",NA,NA,NA,NA,NA,NA,NA,NA,NA,NA,NA,NA,NA,NA,NA,NA,NA,81.2,"Brenda Lawrence",NA,NA,NA,NA,-1.20168831318668,18.8
"MI-2","HUIZENGA (R MI-2)","R",2016,NA,2,-1,110391,212508,NA,NA,"MI",NA,NA,NA,NA,NA,NA,NA,NA,NA,NA,NA,NA,NA,NA,NA,NA,NA,40.6,"Bill Huizenga",NA,NA,NA,NA,0.843925089482254,59.4
"MI-3","AMASH (R MI-3)","R",2016,NA,3,-1,128400,203545,NA,NA,"MI",NA,NA,NA,NA,NA,NA,NA,NA,NA,NA,NA,NA,NA,NA,NA,NA,NA,45,"Justin Amash",NA,NA,NA,NA,0.170286377316986,55
"MI-4","MOOLENAAR (R MI-4)","R",2016,NA,4,-1,101277,194572,NA,NA,"MI",NA,NA,NA,NA,NA,NA,NA,NA,NA,NA,NA,NA,NA,NA,NA,NA,NA,36.8,"John Moolenaar",NA,NA,NA,NA,0.861674945803053,63.2
"MI-5","KILDEE (D MI-5)","D",2016,NA,5,1,195279,112102,NA,NA,"MI",NA,NA,NA,NA,NA,NA,NA,NA,NA,NA,NA,NA,NA,NA,NA,NA,NA,52.2,"Daniel Kildee",NA,NA,NA,NA,-0.903458296358003,47.8
"MI-6","UPTON (R MI-6)","R",2016,NA,6,-1,119980,193246,NA,NA,"MI",NA,NA,NA,NA,NA,NA,NA,NA,NA,NA,NA,NA,NA,NA,NA,NA,NA,45.5,"Fred Upton",NA,NA,NA,NA,0.426747424931418,54.5
"MI-7","WALBERG (R MI-7)","R",2016,NA,7,-1,134010,184321,NA,NA,"MI",NA,NA,NA,NA,NA,NA,NA,NA,NA,NA,NA,NA,NA,NA,NA,NA,NA,41,"Tim Walberg",NA,NA,NA,NA,0.724493353699722,59
"MI-8","BISHOP (R MI-8)","R",2016,NA,8,-1,143791,205629,NA,NA,"MI",NA,NA,NA,NA,NA,NA,NA,NA,NA,NA,NA,NA,NA,NA,NA,NA,NA,46.5,"Mike Bishop",NA,NA,NA,NA,0.710848953485829,53.5
"MI-9","LEVIN (D MI-9)","D",2016,NA,9,1,199661,128937,NA,NA,"MI",NA,NA,NA,NA,NA,NA,NA,NA,NA,NA,NA,NA,NA,NA,NA,NA,NA,54.1,"Sander Levin",NA,NA,NA,NA,-0.973720105548926,45.9
"MN-1","WALZ (D MN-1)","D",2016,NA,1,1,169074,166526,NA,NA,"MN",NA,NA,NA,NA,NA,NA,NA,NA,NA,NA,NA,NA,NA,NA,NA,NA,NA,41.9,"Tim Walz",NA,NA,NA,NA,-0.610646468903593,58.1
"MN-2","LEWIS (R MN-2)","R",2016,NA,2,NA,167315,173970,NA,NA,"MN",NA,NA,NA,NA,NA,NA,NA,NA,NA,NA,NA,NA,NA,NA,NA,NA,NA,49.3,"Jason Lewis",NA,NA,NA,NA,0.940928351698571,50.7
"MN-3","PAULSEN (R MN-3)","R",2016,NA,3,-1,169243,223077,NA,NA,"MN",NA,NA,NA,NA,NA,NA,NA,NA,NA,NA,NA,NA,NA,NA,NA,NA,NA,55.1,"Erik Paulsen",NA,NA,NA,NA,0.611720569716484,44.9
"MN-4","MCCOLLUM (D MN-4)","D",2016,NA,4,1,203299,121032,NA,NA,"MN",NA,NA,NA,NA,NA,NA,NA,NA,NA,NA,NA,NA,NA,NA,NA,NA,NA,66.8,"Betty McCollum",NA,NA,NA,NA,-0.959444131111056,33.2
"MN-5","ELLISON (D MN-5)","D",2016,NA,5,1,249964,80660,NA,NA,"MN",NA,NA,NA,NA,NA,NA,NA,NA,NA,NA,NA,NA,NA,NA,NA,NA,NA,79.9,"Keith Ellison",NA,NA,NA,NA,-0.673969065854317,20.1
"MN-6","EMMER (R MN-6)","R",2016,NA,6,-1,123008,235380,NA,NA,"MN",NA,NA,NA,NA,NA,NA,NA,NA,NA,NA,NA,NA,NA,NA,NA,NA,NA,36,"Tom Emmer",NA,NA,NA,NA,0.821398604691438,64
"MN-7","PETERSON (D MN-7)","D",2016,NA,7,1,173589,156952,NA,NA,"MN",NA,NA,NA,NA,NA,NA,NA,NA,NA,NA,NA,NA,NA,NA,NA,NA,NA,33.4,"Collin Peterson",NA,NA,NA,NA,-0.30308533117897,66.6
"MN-8","NOLAN (D MN-8)","D",2016,NA,8,1,179098,177089,NA,NA,"MN",NA,NA,NA,NA,NA,NA,NA,NA,NA,NA,NA,NA,NA,NA,NA,NA,NA,41.6,"Rick Nolan",NA,NA,NA,NA,-0.765006786022427,58.4
"MO-1","CLAY (D MO-1)","D",2016,NA,1,1,236993,62714,NA,NA,"MO",NA,NA,NA,NA,NA,NA,NA,NA,NA,NA,NA,NA,NA,NA,NA,NA,NA,80.4,"Lacy Clay",NA,NA,NA,NA,-1.13135013978811,19.6
"MO-2","WAGNER (R MO-2)","R",2016,NA,2,-1,155689,241954,NA,NA,"MO",NA,NA,NA,NA,NA,NA,NA,NA,NA,NA,NA,NA,NA,NA,NA,NA,NA,44.6,"Ann Wagner",NA,NA,NA,NA,1.56253548117507,55.4
"MO-3","LUETKEMEYER (R MO-3)","R",2016,NA,3,-1,102891,249865,NA,NA,"MO",NA,NA,NA,NA,NA,NA,NA,NA,NA,NA,NA,NA,NA,NA,NA,NA,NA,29.5,"Blaine Luetkemeyer",NA,NA,NA,NA,0.871455342564596,70.5
"MO-4","HARTZLER (R MO-4)","R",2016,NA,4,-1,92510,225348,NA,NA,"MO",NA,NA,NA,NA,NA,NA,NA,NA,NA,NA,NA,NA,NA,NA,NA,NA,NA,31,"Vicky Hartzler",NA,NA,NA,NA,0.826057837867808,69
"MO-5","CLEAVER (D MO-5)","D",2016,NA,5,1,190766,123771,NA,NA,"MO",NA,NA,NA,NA,NA,NA,NA,NA,NA,NA,NA,NA,NA,NA,NA,NA,NA,57.1,"Emanuel Cleaver",NA,NA,NA,NA,-1.04291274804225,42.9
"MO-6","GRAVES (R MO-6)","R",2016,NA,6,-1,99692,238388,NA,NA,"MO",NA,NA,NA,NA,NA,NA,NA,NA,NA,NA,NA,NA,NA,NA,NA,NA,NA,33.4,"Sam Graves",NA,NA,NA,NA,0.673907197544772,66.6
"MO-7","LONG (R MO-7)","R",2016,NA,7,-1,92756,228692,NA,NA,"MO",NA,NA,NA,NA,NA,NA,NA,NA,NA,NA,NA,NA,NA,NA,NA,NA,NA,26,"Billy Long",NA,NA,NA,NA,1.18356425581323,74
"MO-8","SMITH (R MO-8)","R",2016,NA,8,-1,70009,229792,NA,NA,"MO",NA,NA,NA,NA,NA,NA,NA,NA,NA,NA,NA,NA,NA,NA,NA,NA,NA,21.8,"Jason Smith",NA,NA,NA,NA,0.90891188080083,78.2
"MS-1","KELLY (R MS-1)","R",2016,NA,1,-1,83947,206455,NA,NA,"MS",NA,NA,NA,NA,NA,NA,NA,NA,NA,NA,NA,NA,NA,NA,NA,NA,NA,33.1,"Trent Kelly",NA,NA,NA,NA,1.67583169814612,66.9
"MS-2","THOMPSON (D MS-2)","D",2016,NA,2,1,192343,83542,NA,NA,"MS",NA,NA,NA,NA,NA,NA,NA,NA,NA,NA,NA,NA,NA,NA,NA,NA,NA,64.4,"Bennie Thompson",NA,NA,NA,NA,-1.92802862513585,35.6
"MS-3","HARPER (R MS-3)","R",2016,NA,3,-1,96101,209490,NA,NA,"MS",NA,NA,NA,NA,NA,NA,NA,NA,NA,NA,NA,NA,NA,NA,NA,NA,NA,37.5,"Gregg Harper",NA,NA,NA,NA,0.938464971378519,62.5
"MS-4","PALAZZO (R MS-4)","R",2016,NA,4,-1,77505,181323,NA,NA,"MS",NA,NA,NA,NA,NA,NA,NA,NA,NA,NA,NA,NA,NA,NA,NA,NA,NA,28.9,"Steven Palazzo",NA,NA,NA,NA,1.12312160415581,71.1
"MT-1","ZINKE (R MT-1)","R",2016,NA,1,-1,205919,285358,NA,NA,"MT",NA,NA,NA,NA,NA,NA,NA,NA,NA,NA,NA,NA,NA,NA,NA,NA,NA,38.9,"Ryan Zinke",NA,NA,NA,NA,1.01907495267766,61.1
"NC-1","BUTTERFIELD (D NC-1)","D",2016,NA,1,1,240661,101567,NA,NA,"NC",NA,NA,NA,NA,NA,NA,NA,NA,NA,NA,NA,NA,NA,NA,NA,NA,NA,68.9,"G.K. Butterfield",NA,NA,NA,NA,-1.35495493249924,31.1
"NC-10","MCHENRY (R NC-10)","R",2016,NA,10,-1,128919,220825,NA,NA,"NC",NA,NA,NA,NA,NA,NA,NA,NA,NA,NA,NA,NA,NA,NA,NA,NA,NA,37.4,"Patrick McHenry",NA,NA,NA,NA,1.34898982198135,62.6
"NC-11","MEADOWS (R NC-11)","R",2016,NA,11,-1,129103,230405,NA,NA,"NC",NA,NA,NA,NA,NA,NA,NA,NA,NA,NA,NA,NA,NA,NA,NA,NA,NA,34.9,"Mark Meadows",NA,NA,NA,NA,0.769763870878699,65.1
"NC-12","ADAMS (D NC-12)","D",2016,NA,12,1,234115,115185,NA,NA,"NC",NA,NA,NA,NA,NA,NA,NA,NA,NA,NA,NA,NA,NA,NA,NA,NA,NA,70.7,"Alma Adams",NA,NA,NA,NA,-1.22852883191382,29.3
"NC-13","BUDD (R NC-13)","R",2016,NA,13,0,156049,199443,NA,NA,"NC",NA,NA,NA,NA,NA,NA,NA,NA,NA,NA,NA,NA,NA,NA,NA,NA,NA,45.2,"Ted Budd",NA,NA,NA,NA,1.4803841895231,54.8
"NC-2","HOLDING (R NC-2)","R",2016,NA,2,-1,169082,221485,NA,NA,"NC",NA,NA,NA,NA,NA,NA,NA,NA,NA,NA,NA,NA,NA,NA,NA,NA,NA,45,"George Holding",NA,NA,NA,NA,0.678019724420232,55
"NC-3","JONES (R NC-3)","R",2016,NA,3,-1,106170,217531,NA,NA,"NC",NA,NA,NA,NA,NA,NA,NA,NA,NA,NA,NA,NA,NA,NA,NA,NA,NA,37.9,"Walter Jones",NA,NA,NA,NA,-0.0887577494578689,62.1
"NC-4","PRICE (D NC-4)","D",2016,NA,4,1,279380,130161,NA,NA,"NC",NA,NA,NA,NA,NA,NA,NA,NA,NA,NA,NA,NA,NA,NA,NA,NA,NA,70.7,"David Price",NA,NA,NA,NA,-0.904839233961683,29.3
"NC-5","FOXX (R NC-5)","R",2016,NA,5,-1,147887,207625,NA,NA,"NC",NA,NA,NA,NA,NA,NA,NA,NA,NA,NA,NA,NA,NA,NA,NA,NA,NA,41,"Virginia Foxx",NA,NA,NA,NA,0.650331455582264,59
"NC-6","WALKER (R NC-6)","R",2016,NA,6,-1,143167,207983,NA,NA,"NC",NA,NA,NA,NA,NA,NA,NA,NA,NA,NA,NA,NA,NA,NA,NA,NA,NA,42.5,"Mark Walker",NA,NA,NA,NA,1.2508618419568,57.5
"NC-7","ROUZER (R NC-7)","R",2016,NA,7,-1,135905,211801,NA,NA,"NC",NA,NA,NA,NA,NA,NA,NA,NA,NA,NA,NA,NA,NA,NA,NA,NA,NA,40.9,"David Rouzer",NA,NA,NA,NA,0.622796227794004,59.1
"NC-8","HUDSON (R NC-8)","R",2016,NA,8,-1,133182,189863,NA,NA,"NC",NA,NA,NA,NA,NA,NA,NA,NA,NA,NA,NA,NA,NA,NA,NA,NA,NA,42.3,"Richard Hudson",NA,NA,NA,NA,0.608805242536529,57.7
"NC-9","PITTENGER (R NC-9)","R",2016,NA,9,-1,139041,193452,NA,NA,"NC",NA,NA,NA,NA,NA,NA,NA,NA,NA,NA,NA,NA,NA,NA,NA,NA,NA,44,"Robert Pittenger",NA,NA,NA,NA,0.660512399248846,56
"ND-1","CRAMER (R ND-1)","R",2016,NA,1,-1,80377,233980,NA,NA,"ND",NA,NA,NA,NA,NA,NA,NA,NA,NA,NA,NA,NA,NA,NA,NA,NA,NA,30.2,"Kevin Cramer",NA,NA,NA,NA,0.877293329994432,69.8
"NE-1","FORTENBERRY (R NE-1)","R",2016,NA,1,-1,83467,189771,NA,NA,"NE",NA,NA,NA,NA,NA,NA,NA,NA,NA,NA,NA,NA,NA,NA,NA,NA,NA,38.6,"Jeff Fortenberry",NA,NA,NA,NA,1.26803613442119,61.4
"NE-2","BACON (R NE-2)","R",2016,NA,2,1,137602,141066,NA,NA,"NE",NA,NA,NA,NA,NA,NA,NA,NA,NA,NA,NA,NA,NA,NA,NA,NA,NA,48.8,"Don Bacon",NA,NA,NA,NA,1.12454535774556,51.2
"NE-3","SMITH (R NE-3)","R",2016,NA,3,-1,0,226720,NA,NA,"NE",NA,NA,NA,NA,NA,NA,NA,NA,NA,NA,NA,NA,NA,NA,NA,NA,NA,21.1,"Adrian Smith",NA,NA,NA,NA,1.35399694307973,78.9
"NH-1","SHEA-PORTER (D NH-1)","D",2016,NA,1,-1,161828,157011,NA,NA,"NH",NA,NA,NA,NA,NA,NA,NA,NA,NA,NA,NA,NA,NA,NA,NA,NA,NA,49.2,"Carol Shea-Porter",NA,NA,NA,NA,-0.832611836937055,50.8
"NH-2","KUSTER (D NH-2)","D",2016,NA,2,1,174386,158960,NA,NA,"NH",NA,NA,NA,NA,NA,NA,NA,NA,NA,NA,NA,NA,NA,NA,NA,NA,NA,51.3,"Annie Kuster",NA,NA,NA,NA,-0.637603992580887,48.7
"NJ-1","NORCROSS (D NJ-1)","D",2016,NA,1,1,183231,112388,NA,NA,"NJ",NA,NA,NA,NA,NA,NA,NA,NA,NA,NA,NA,NA,NA,NA,NA,NA,NA,62.7,"Donald Norcross",NA,NA,NA,NA,-0.978817176303116,37.3
"NJ-10","PAYNE (D NJ-10)","D",2016,NA,10,1,190856,26450,NA,NA,"NJ",NA,NA,NA,NA,NA,NA,NA,NA,NA,NA,NA,NA,NA,NA,NA,NA,NA,86.9,"Donald Payne Jr.",NA,NA,NA,NA,-1.69591709727288,13.1
"NJ-11","FRELINGHUYS (R NJ-11)","R",2016,NA,11,-1,130162,194299,NA,NA,"NJ",NA,NA,NA,NA,NA,NA,NA,NA,NA,NA,NA,NA,NA,NA,NA,NA,NA,49.5,"Rodney Frelinghuysen",NA,NA,NA,NA,0.881785769620488,50.5
"NJ-12","WATSON (D NJ-12)","D",2016,NA,12,1,181430,92407,NA,NA,"NJ",NA,NA,NA,NA,NA,NA,NA,NA,NA,NA,NA,NA,NA,NA,NA,NA,NA,67.1,"Bonnie Watson Coleman",NA,NA,NA,NA,-2.67308800531749,32.9
"NJ-2","LOBIONDO (R NJ-2)","R",2016,NA,2,-1,110838,176338,NA,NA,"NJ",NA,NA,NA,NA,NA,NA,NA,NA,NA,NA,NA,NA,NA,NA,NA,NA,NA,47.6,"Frank LoBiondo",NA,NA,NA,NA,0.193489380466419,52.4
"NJ-3","MACARTHUR (R NJ-3)","R",2016,NA,3,-1,127526,194596,NA,NA,"NJ",NA,NA,NA,NA,NA,NA,NA,NA,NA,NA,NA,NA,NA,NA,NA,NA,NA,46.8,"Tom MacArthur",NA,NA,NA,NA,0.359721620317696,53.2
"NJ-4","SMITH (R NJ-4)","R",2016,NA,4,-1,111532,211992,NA,NA,"NJ",NA,NA,NA,NA,NA,NA,NA,NA,NA,NA,NA,NA,NA,NA,NA,NA,NA,42.4,"Chris Smith",NA,NA,NA,NA,0.241755647045121,57.6
"NJ-5","GOTTHEIMER (D NJ-5)","D",2016,NA,5,1,172587,157690,NA,NA,"NJ",NA,NA,NA,NA,NA,NA,NA,NA,NA,NA,NA,NA,NA,NA,NA,NA,NA,49.4,"Josh Gottheimer",NA,NA,NA,NA,-0.402566510425722,50.6
"NJ-6","PALLONE (D NJ-6)","D",2016,NA,6,1,167895,91908,NA,NA,"NJ",NA,NA,NA,NA,NA,NA,NA,NA,NA,NA,NA,NA,NA,NA,NA,NA,NA,58.1,"Frank Pallone",NA,NA,NA,NA,-1.55547200028288,41.9
"NJ-7","LANCE (R NJ-7)","R",2016,NA,7,-1,148188,185850,NA,NA,"NJ",NA,NA,NA,NA,NA,NA,NA,NA,NA,NA,NA,NA,NA,NA,NA,NA,NA,50.6,"Leonard Lance",NA,NA,NA,NA,0.334316152524445,49.4
"NJ-8","SIRES (D NJ-8)","D",2016,NA,8,1,134733,32337,NA,NA,"NJ",NA,NA,NA,NA,NA,NA,NA,NA,NA,NA,NA,NA,NA,NA,NA,NA,NA,77.9,"Albio Sires",NA,NA,NA,NA,-0.880292844173723,22.1
"NJ-9","PASCRELL (D NJ-9)","D",2016,NA,9,1,162642,65376,NA,NA,"NJ",NA,NA,NA,NA,NA,NA,NA,NA,NA,NA,NA,NA,NA,NA,NA,NA,NA,66,"Bill Pascrell",NA,NA,NA,NA,-0.829547922975869,34
"NM-1","LUJAN (D NM-1)","D",2016,NA,1,1,181088,96879,NA,NA,"NM",NA,NA,NA,NA,NA,NA,NA,NA,NA,NA,NA,NA,NA,NA,NA,NA,NA,59.5,"Michelle Lujan Grisham",NA,NA,NA,NA,-0.863845918534209,40.5
"NM-2","PEARCE (R NM-2)","R",2016,NA,2,-1,85232,143514,NA,NA,"NM",NA,NA,NA,NA,NA,NA,NA,NA,NA,NA,NA,NA,NA,NA,NA,NA,NA,44.3,"Steve Pearce",NA,NA,NA,NA,0.917429745364047,55.7
"NM-3","LUJAN (D NM-3)","D",2016,NA,3,1,170612,102730,NA,NA,"NM",NA,NA,NA,NA,NA,NA,NA,NA,NA,NA,NA,NA,NA,NA,NA,NA,NA,58.5,"Ben R. Lujan",NA,NA,NA,NA,-1.1639995988927,41.5
"NV-1","TITUS (D NV-1)","D",2016,NA,1,1,116537,54174,NA,NA,"NV",NA,NA,NA,NA,NA,NA,NA,NA,NA,NA,NA,NA,NA,NA,NA,NA,NA,65.4,"Dina Titus",NA,NA,NA,NA,-0.885079066580488,34.6
"NV-2","AMODEI (R NV-2)","R",2016,NA,2,-1,115722,182676,NA,NA,"NV",NA,NA,NA,NA,NA,NA,NA,NA,NA,NA,NA,NA,NA,NA,NA,NA,NA,43.3,"Mark Amodei",NA,NA,NA,NA,0.597340114867487,56.7
"NV-3","ROSEN (D NV-3)","D",2016,NA,3,0,146869,142926,NA,NA,"NV",NA,NA,NA,NA,NA,NA,NA,NA,NA,NA,NA,NA,NA,NA,NA,NA,NA,49.5,"Jacky Rosen",NA,NA,NA,NA,-0.537804369663538,50.5
"NV-4","KIHUEN (D NV-4)","D",2016,NA,4,-1,128985,118328,NA,NA,"NV",NA,NA,NA,NA,NA,NA,NA,NA,NA,NA,NA,NA,NA,NA,NA,NA,NA,52.6,"Ruben Kihuen",NA,NA,NA,NA,-0.86245066789297,47.4
"NY-1","ZELDIN (R NY-1)","R",2016,NA,1,-1,121982,175168,NA,NA,"NY",NA,NA,NA,NA,NA,NA,NA,NA,NA,NA,NA,NA,NA,NA,NA,NA,NA,43.6,"Lee Zeldin",NA,NA,NA,NA,0.519653822607464,56.4
"NY-10","NADLER (D NY-10)","D",2016,NA,10,1,192122,53806,NA,NA,"NY",NA,NA,NA,NA,NA,NA,NA,NA,NA,NA,NA,NA,NA,NA,NA,NA,NA,80.6,"Jerrold Nadler",NA,NA,NA,NA,-1.18692295871951,19.4
"NY-11","DONOVAN (R NY-11)","R",2016,NA,11,-1,85257,142934,NA,NA,"NY",NA,NA,NA,NA,NA,NA,NA,NA,NA,NA,NA,NA,NA,NA,NA,NA,NA,45,"Daniel Donovan",NA,NA,NA,NA,0.335980410303045,55
"NY-12","MALONEY (D NY-12)","D",2016,NA,12,1,244199,49350,NA,NA,"NY",NA,NA,NA,NA,NA,NA,NA,NA,NA,NA,NA,NA,NA,NA,NA,NA,NA,86.1,"Carolyn Maloney",NA,NA,NA,NA,-0.77240030821177,13.9
"NY-13","ESPAILLAT (D NY-13)","D",2016,NA,13,NA,206994,16083,NA,NA,"NY",NA,NA,NA,NA,NA,NA,NA,NA,NA,NA,NA,NA,NA,NA,NA,NA,NA,94.5,"Adriano Espaillat",NA,NA,NA,NA,-1.38239881755039,5.5
"NY-14","CROWLEY (D NY-14)","D",2016,NA,14,1,147587,30545,NA,NA,"NY",NA,NA,NA,NA,NA,NA,NA,NA,NA,NA,NA,NA,NA,NA,NA,NA,NA,79.7,"Joe Crowley",NA,NA,NA,NA,-1.00476641246612,20.3
"NY-15","SERRANO (D NY-15)","D",2016,NA,15,1,165688,6129,NA,NA,"NY",NA,NA,NA,NA,NA,NA,NA,NA,NA,NA,NA,NA,NA,NA,NA,NA,NA,95,"Jose E. Serrano",NA,NA,NA,NA,-0.923529543880102,5
"NY-16","ENGEL (D NY-16)","D",2016,NA,16,1,209857,0,NA,NA,"NY",NA,NA,NA,NA,NA,NA,NA,NA,NA,NA,NA,NA,NA,NA,NA,NA,NA,76.9,"Eliot Engel",NA,NA,NA,NA,-0.937184838310757,23.1
"NY-17","LOWEY (D NY-17)","D",2016,NA,17,1,214530,0,NA,NA,"NY",NA,NA,NA,NA,NA,NA,NA,NA,NA,NA,NA,NA,NA,NA,NA,NA,NA,60.4,"Nita Lowey",NA,NA,NA,NA,-1.28383163291287,39.6
"NY-18","MALONEY (D NY-18)","D",2016,NA,18,1,162060,129369,NA,NA,"NY",NA,NA,NA,NA,NA,NA,NA,NA,NA,NA,NA,NA,NA,NA,NA,NA,NA,49,"Sean Patrick Maloney",NA,NA,NA,NA,-0.798070129836293,51
"NY-19","FASO (R NY-19)","R",2016,NA,19,NA,138800,164800,NA,NA,"NY",NA,NA,NA,NA,NA,NA,NA,NA,NA,NA,NA,NA,NA,NA,NA,NA,NA,46.4,"John Faso",NA,NA,NA,NA,0.232815249577938,53.6
"NY-2","KING (R NY-2)","R",2016,NA,2,-1,105100,174961,NA,NA,"NY",NA,NA,NA,NA,NA,NA,NA,NA,NA,NA,NA,NA,NA,NA,NA,NA,NA,45.3,"Peter King",NA,NA,NA,NA,0.395066610809875,54.7
"NY-20","TONKO (D NY-20)","D",2016,NA,20,1,213021,100738,NA,NA,"NY",NA,NA,NA,NA,NA,NA,NA,NA,NA,NA,NA,NA,NA,NA,NA,NA,NA,57.1,"Paul Tonko",NA,NA,NA,NA,-1.47313685203387,42.9
"NY-21","STEFANIK (R NY-21)","R",2016,NA,21,-1,82161,177886,NA,NA,"NY",NA,NA,NA,NA,NA,NA,NA,NA,NA,NA,NA,NA,NA,NA,NA,NA,NA,42.6,"Elise Stefanik",NA,NA,NA,NA,0.300367077456332,57.4
"NY-22","TENNEY (R NY-22)","R",2016,NA,22,NA,114266,129444,NA,NA,"NY",NA,NA,NA,NA,NA,NA,NA,NA,NA,NA,NA,NA,NA,NA,NA,NA,NA,41.8,"Claudia Tenney",NA,NA,NA,NA,0.730199338770783,58.2
"NY-23","REED (R NY-23)","R",2016,NA,23,-1,118584,161050,NA,NA,"NY",NA,NA,NA,NA,NA,NA,NA,NA,NA,NA,NA,NA,NA,NA,NA,NA,NA,42.1,"Tom Reed",NA,NA,NA,NA,0.646233529271869,57.9
"NY-24","KATKO (R NY-24)","R",2016,NA,24,-1,119040,182761,NA,NA,"NY",NA,NA,NA,NA,NA,NA,NA,NA,NA,NA,NA,NA,NA,NA,NA,NA,NA,51.9,"John Katko",NA,NA,NA,NA,0.312836593130405,48.1
"NY-25","SLAUGHTER (D NY-25)","D",2016,NA,25,1,182950,142650,NA,NA,"NY",NA,NA,NA,NA,NA,NA,NA,NA,NA,NA,NA,NA,NA,NA,NA,NA,NA,58.7,"Louise M. Slaughter",NA,NA,NA,NA,-1.57940137380213,41.3
"NY-26","HIGGINS (D NY-26)","D",2016,NA,26,1,215289,73377,NA,NA,"NY",NA,NA,NA,NA,NA,NA,NA,NA,NA,NA,NA,NA,NA,NA,NA,NA,NA,60.3,"Brian Higgins",NA,NA,NA,NA,-0.993840393177835,39.7
"NY-27","COLLINS (R NY-27)","R",2016,NA,27,-1,107832,220885,NA,NA,"NY",NA,NA,NA,NA,NA,NA,NA,NA,NA,NA,NA,NA,NA,NA,NA,NA,NA,37.1,"Chris Collins",NA,NA,NA,NA,0.978855458048951,62.9
"NY-3","SUOZZI (D NY-3)","D",2016,NA,3,NA,162947,145706,NA,NA,"NY",NA,NA,NA,NA,NA,NA,NA,NA,NA,NA,NA,NA,NA,NA,NA,NA,NA,53.1,"Tom Suozzi",NA,NA,NA,NA,-0.467355036327766,46.9
"NY-4","RICE (D NY-4)","D",2016,NA,4,1,185286,125865,NA,NA,"NY",NA,NA,NA,NA,NA,NA,NA,NA,NA,NA,NA,NA,NA,NA,NA,NA,NA,54.9,"Kathleen Rice",NA,NA,NA,NA,-0.652023318773515,45.1
"NY-5","MEEKS (D NY-5)","D",2016,NA,5,1,199552,30257,NA,NA,"NY",NA,NA,NA,NA,NA,NA,NA,NA,NA,NA,NA,NA,NA,NA,NA,NA,NA,87.1,"Gregory Meeks",NA,NA,NA,NA,-1.04027072285472,12.9
"NY-6","MENG (D NY-6)","D",2016,NA,6,1,136506,50617,NA,NA,"NY",NA,NA,NA,NA,NA,NA,NA,NA,NA,NA,NA,NA,NA,NA,NA,NA,NA,67,"Grace Meng",NA,NA,NA,NA,-1.05479060825543,33
"NY-7","VELAZQUEZ (D NY-7)","D",2016,NA,7,1,172145,17477,NA,NA,"NY",NA,NA,NA,NA,NA,NA,NA,NA,NA,NA,NA,NA,NA,NA,NA,NA,NA,89.3,"Nydia Velazquez",NA,NA,NA,NA,-0.935715044851652,10.7
"NY-8","JEFFRIES (D NY-8)","D",2016,NA,8,1,214595,0,NA,NA,"NY",NA,NA,NA,NA,NA,NA,NA,NA,NA,NA,NA,NA,NA,NA,NA,NA,NA,86.2,"Hakeem Jeffries",NA,NA,NA,NA,-1.09137849696962,13.8
"NY-9","CLARKE (D NY-9)","D",2016,NA,9,1,214189,0,NA,NA,"NY",NA,NA,NA,NA,NA,NA,NA,NA,NA,NA,NA,NA,NA,NA,NA,NA,NA,85.3,"Yvette Clarke",NA,NA,NA,NA,-1.35194645588479,14.7
"OH-1","CHABOT (R OH-1)","R",2016,NA,1,-1,144644,210014,NA,NA,"OH",NA,NA,NA,NA,NA,NA,NA,NA,NA,NA,NA,NA,NA,NA,NA,NA,NA,46.6,"Steve Chabot",NA,NA,NA,NA,1.02428218762166,53.4
"OH-10","TURNER (R OH-10)","R",2016,NA,10,-1,109981,215724,NA,NA,"OH",NA,NA,NA,NA,NA,NA,NA,NA,NA,NA,NA,NA,NA,NA,NA,NA,NA,46.2,"Mike Turner",NA,NA,NA,NA,0.470537820404115,53.8
"OH-11","FUDGE (D OH-11)","D",2016,NA,11,1,242917,59769,NA,NA,"OH",NA,NA,NA,NA,NA,NA,NA,NA,NA,NA,NA,NA,NA,NA,NA,NA,NA,82.6,"Marcia Fudge",NA,NA,NA,NA,-1.48127467391667,17.4
"OH-12","TIBERI (R OH-12)","R",2016,NA,12,-1,112638,251266,NA,NA,"OH",NA,NA,NA,NA,NA,NA,NA,NA,NA,NA,NA,NA,NA,NA,NA,NA,NA,44.1,"Pat Tiberi",NA,NA,NA,NA,0.505194416420667,55.9
"OH-13","RYAN (D OH-13)","D",2016,NA,13,1,208610,99377,NA,NA,"OH",NA,NA,NA,NA,NA,NA,NA,NA,NA,NA,NA,NA,NA,NA,NA,NA,NA,53.4,"Tim Ryan",NA,NA,NA,NA,-0.813411488895712,46.6
"OH-14","JOYCE (R OH-14)","R",2016,NA,14,-1,130907,219191,NA,NA,"OH",NA,NA,NA,NA,NA,NA,NA,NA,NA,NA,NA,NA,NA,NA,NA,NA,NA,44,"David Joyce",NA,NA,NA,NA,0.392772146542952,56
"OH-15","STIVERS (R OH-15)","R",2016,NA,15,-1,113960,222847,NA,NA,"OH",NA,NA,NA,NA,NA,NA,NA,NA,NA,NA,NA,NA,NA,NA,NA,NA,NA,41.9,"Steve Stivers",NA,NA,NA,NA,0.629334678143305,58.1
"OH-16","RENACCI (R OH-16)","R",2016,NA,16,-1,119830,225794,NA,NA,"OH",NA,NA,NA,NA,NA,NA,NA,NA,NA,NA,NA,NA,NA,NA,NA,NA,NA,41.3,"Jim Renacci",NA,NA,NA,NA,0.714728933421716,58.7
"OH-2","WENSTRUP (R OH-2)","R",2016,NA,2,-1,111694,221193,NA,NA,"OH",NA,NA,NA,NA,NA,NA,NA,NA,NA,NA,NA,NA,NA,NA,NA,NA,NA,41.6,"Brad Wenstrup",NA,NA,NA,NA,0.944458563406519,58.4
"OH-3","BEATTY (D OH-3)","D",2016,NA,3,1,199791,91560,NA,NA,"OH",NA,NA,NA,NA,NA,NA,NA,NA,NA,NA,NA,NA,NA,NA,NA,NA,NA,70.1,"Joyce Beatty",NA,NA,NA,NA,-1.17089843505443,29.9
"OH-4","JORDAN (R OH-4)","R",2016,NA,4,-1,98981,210227,NA,NA,"OH",NA,NA,NA,NA,NA,NA,NA,NA,NA,NA,NA,NA,NA,NA,NA,NA,NA,32.3,"Jim Jordan",NA,NA,NA,NA,1.0006122379636,67.7
"OH-5","LATTA (R OH-5)","R",2016,NA,5,-1,100392,244599,NA,NA,"OH",NA,NA,NA,NA,NA,NA,NA,NA,NA,NA,NA,NA,NA,NA,NA,NA,NA,36.7,"Bob Latta",NA,NA,NA,NA,1.00211143236769,63.3
"OH-6","JOHNSON (R OH-6)","R",2016,NA,6,-1,88780,213975,NA,NA,"OH",NA,NA,NA,NA,NA,NA,NA,NA,NA,NA,NA,NA,NA,NA,NA,NA,NA,27.8,"Bill Johnson",NA,NA,NA,NA,0.569917640857829,72.2
"OH-7","GIBBS (R OH-7)","R",2016,NA,7,-1,89638,198221,NA,NA,"OH",NA,NA,NA,NA,NA,NA,NA,NA,NA,NA,NA,NA,NA,NA,NA,NA,NA,34.4,"Bob Gibbs",NA,NA,NA,NA,1.13085206992095,65.6
"OH-8","DAVIDSON (R OH-8)","R",2016,NA,8,-1,87794,223833,NA,NA,"OH",NA,NA,NA,NA,NA,NA,NA,NA,NA,NA,NA,NA,NA,NA,NA,NA,NA,32,"Warren Davidson",NA,NA,NA,NA,0.551886812650463,68
"OH-9","KAPTUR (D OH-9)","D",2016,NA,9,1,193966,88427,NA,NA,"OH",NA,NA,NA,NA,NA,NA,NA,NA,NA,NA,NA,NA,NA,NA,NA,NA,NA,61.7,"Marcy Kaptur",NA,NA,NA,NA,-0.721347609588891,38.3
"OK-1","BRIDENSTINE (R OK-1)","R",2016,NA,1,-1,0,0,NA,NA,"OK",NA,NA,NA,NA,NA,NA,NA,NA,NA,NA,NA,NA,NA,NA,NA,NA,NA,34.8,"Jim Bridenstine",NA,NA,NA,NA,1.81941027580886,65.2
"OK-2","MULLIN (R OK-2)","R",2016,NA,2,-1,62387,189839,NA,NA,"OK",NA,NA,NA,NA,NA,NA,NA,NA,NA,NA,NA,NA,NA,NA,NA,NA,NA,23.8,"Markwayne Mullin",NA,NA,NA,NA,0.509539878360358,76.2
"OK-3","LUCAS (R OK-3)","R",2016,NA,3,-1,63090,227525,NA,NA,"OK",NA,NA,NA,NA,NA,NA,NA,NA,NA,NA,NA,NA,NA,NA,NA,NA,NA,22.1,"Frank Lucas",NA,NA,NA,NA,0.520240387673456,77.9
"OK-4","COLE (R OK-4)","R",2016,NA,4,-1,76472,204143,NA,NA,"OK",NA,NA,NA,NA,NA,NA,NA,NA,NA,NA,NA,NA,NA,NA,NA,NA,NA,30.1,"Tom Cole",NA,NA,NA,NA,0.398295604515906,69.9
"OK-5","RUSSELL (R OK-5)","R",2016,NA,5,-1,103273,160184,NA,NA,"OK",NA,NA,NA,NA,NA,NA,NA,NA,NA,NA,NA,NA,NA,NA,NA,NA,NA,42.8,"Steve Russell",NA,NA,NA,NA,0.171491083312995,57.2
"OR-1","BONAMICI (D OR-1)","D",2016,NA,1,1,225391,139756,NA,NA,"OR",NA,NA,NA,NA,NA,NA,NA,NA,NA,NA,NA,NA,NA,NA,NA,NA,NA,62.4,"Suzanne Bonamici",NA,NA,NA,NA,-0.905313138187012,37.6
"OR-2","WALDEN (R OR-2)","R",2016,NA,2,-1,106640,272952,NA,NA,"OR",NA,NA,NA,NA,NA,NA,NA,NA,NA,NA,NA,NA,NA,NA,NA,NA,NA,39.2,"Greg Walden",NA,NA,NA,NA,0.848719042969998,60.8
"OR-3","BLUMENAUER (D OR-3)","D",2016,NA,3,1,274687,0,NA,NA,"OR",NA,NA,NA,NA,NA,NA,NA,NA,NA,NA,NA,NA,NA,NA,NA,NA,NA,75.9,"Earl Blumenauer",NA,NA,NA,NA,-0.804832802359345,24.1
"OR-4","DEFAZIO (D OR-4)","D",2016,NA,4,1,220628,157743,NA,NA,"OR",NA,NA,NA,NA,NA,NA,NA,NA,NA,NA,NA,NA,NA,NA,NA,NA,NA,50.1,"Peter DeFazio",NA,NA,NA,NA,-0.964611979823154,49.9
"OR-5","SCHRADER (D OR-5)","D",2016,NA,5,1,199505,160443,NA,NA,"OR",NA,NA,NA,NA,NA,NA,NA,NA,NA,NA,NA,NA,NA,NA,NA,NA,NA,52.3,"Kurt Schrader",NA,NA,NA,NA,-0.461146723128135,47.7
"PA-1","BRADY (D PA-1)","D",2016,NA,1,1,245791,53219,NA,NA,"PA",NA,NA,NA,NA,NA,NA,NA,NA,NA,NA,NA,NA,NA,NA,NA,NA,NA,81.4,"Robert Brady",NA,NA,NA,NA,-1.64006171859308,18.6
"PA-10","MARINO (R PA-10)","R",2016,NA,10,-1,89823,211282,NA,NA,"PA",NA,NA,NA,NA,NA,NA,NA,NA,NA,NA,NA,NA,NA,NA,NA,NA,NA,31.4,"Tom Marino",NA,NA,NA,NA,1.2787379553737,68.6
"PA-11","BARLETTA (R PA-11)","R",2016,NA,11,-1,113800,199421,NA,NA,"PA",NA,NA,NA,NA,NA,NA,NA,NA,NA,NA,NA,NA,NA,NA,NA,NA,NA,37.6,"Lou Barletta",NA,NA,NA,NA,0.787843802774865,62.4
"PA-12","ROTHFUS (R PA-12)","R",2016,NA,12,-1,137353,221851,NA,NA,"PA",NA,NA,NA,NA,NA,NA,NA,NA,NA,NA,NA,NA,NA,NA,NA,NA,NA,39.2,"Keith Rothfus",NA,NA,NA,NA,1.04106298438294,60.8
"PA-13","BOYLE (D PA-13)","D",2016,NA,13,1,239316,0,NA,NA,"PA",NA,NA,NA,NA,NA,NA,NA,NA,NA,NA,NA,NA,NA,NA,NA,NA,NA,67.3,"Brendan Boyle",NA,NA,NA,NA,-1.15794510091279,32.7
"PA-14","DOYLE (D PA-14)","D",2016,NA,14,1,255293,87999,NA,NA,"PA",NA,NA,NA,NA,NA,NA,NA,NA,NA,NA,NA,NA,NA,NA,NA,NA,NA,68.4,"Mike Doyle",NA,NA,NA,NA,-1.50744528933295,31.6
"PA-15","DENT (R PA-15)","R",2016,NA,15,-1,124129,190618,NA,NA,"PA",NA,NA,NA,NA,NA,NA,NA,NA,NA,NA,NA,NA,NA,NA,NA,NA,NA,46,"Charles Dent",NA,NA,NA,NA,0.291909502615137,54
"PA-16","SMUCKER (R PA-16)","R",2016,NA,16,NA,134586,168669,NA,NA,"PA",NA,NA,NA,NA,NA,NA,NA,NA,NA,NA,NA,NA,NA,NA,NA,NA,NA,46.4,"Lloyd Smucker",NA,NA,NA,NA,0.397916307236795,53.6
"PA-17","CARTWRIGHT (D PA-17)","D",2016,NA,17,1,157734,135430,NA,NA,"PA",NA,NA,NA,NA,NA,NA,NA,NA,NA,NA,NA,NA,NA,NA,NA,NA,NA,44.8,"Matthew Cartwright",NA,NA,NA,NA,-0.828753546880085,55.2
"PA-18","MURPHY (R PA-18)","R",2016,NA,18,-1,0,293684,NA,NA,"PA",NA,NA,NA,NA,NA,NA,NA,NA,NA,NA,NA,NA,NA,NA,NA,NA,NA,39.9,"Tim Murphy",NA,NA,NA,NA,0.828458766216269,60.1
"PA-2","EVANS (D PA-2)","D",2016,NA,2,1,322514,35131,NA,NA,"PA",NA,NA,NA,NA,NA,NA,NA,NA,NA,NA,NA,NA,NA,NA,NA,NA,NA,92.2,"Dwight Evans",NA,NA,NA,NA,-1.32755842637843,7.8
"PA-3","KELLY (R PA-3)","R",2016,NA,3,-1,0,244893,NA,NA,"PA",NA,NA,NA,NA,NA,NA,NA,NA,NA,NA,NA,NA,NA,NA,NA,NA,NA,36.4,"Mike Kelly",NA,NA,NA,NA,1.36215821493224,63.6
"PA-4","PERRY (R PA-4)","R",2016,NA,4,-1,113372,220628,NA,NA,"PA",NA,NA,NA,NA,NA,NA,NA,NA,NA,NA,NA,NA,NA,NA,NA,NA,NA,38.8,"Scott Perry",NA,NA,NA,NA,1.21612755671726,61.2
"PA-5","THOMPSON (R PA-5)","R",2016,NA,5,-1,101082,206751,NA,NA,"PA",NA,NA,NA,NA,NA,NA,NA,NA,NA,NA,NA,NA,NA,NA,NA,NA,NA,35,"Glenn Thompson",NA,NA,NA,NA,0.639962200598626,65
"PA-6","COSTELLO (R PA-6)","R",2016,NA,6,-1,153632,206414,NA,NA,"PA",NA,NA,NA,NA,NA,NA,NA,NA,NA,NA,NA,NA,NA,NA,NA,NA,NA,50.3,"Ryan Costello",NA,NA,NA,NA,0.338832085529388,49.7
"PA-7","MEEHAN (R PA-7)","R",2016,NA,7,-1,153824,225678,NA,NA,"PA",NA,NA,NA,NA,NA,NA,NA,NA,NA,NA,NA,NA,NA,NA,NA,NA,NA,51.2,"Patrick Meehan",NA,NA,NA,NA,0.282137976918645,48.8
"PA-8","FITZPATRICK (R PA-8)","R",2016,NA,8,NA,173555,207469,NA,NA,"PA",NA,NA,NA,NA,NA,NA,NA,NA,NA,NA,NA,NA,NA,NA,NA,NA,NA,49.9,"Brian Fitzpatrick",NA,NA,NA,NA,0.17637622970087,50.1
"PA-9","SHUSTER (R PA-9)","R",2016,NA,9,-1,107985,186580,NA,NA,"PA",NA,NA,NA,NA,NA,NA,NA,NA,NA,NA,NA,NA,NA,NA,NA,NA,NA,28.1,"Bill Shuster",NA,NA,NA,NA,0.875356384635665,71.9
"RI-1","CICILLINE (D RI-1)","D",2016,NA,1,1,130534,71023,NA,NA,"RI",NA,NA,NA,NA,NA,NA,NA,NA,NA,NA,NA,NA,NA,NA,NA,NA,NA,63.4,"David Cicilline",NA,NA,NA,NA,-1.20412877206004,36.6
"RI-2","LANGEVIN (D RI-2)","D",2016,NA,2,1,133108,70301,NA,NA,"RI",NA,NA,NA,NA,NA,NA,NA,NA,NA,NA,NA,NA,NA,NA,NA,NA,NA,53.7,"Jim Langevin",NA,NA,NA,NA,-1.47919548933632,46.3
"SC-1","SANFORD (R SC-1)","R",2016,NA,1,-1,119779,190410,NA,NA,"SC",NA,NA,NA,NA,NA,NA,NA,NA,NA,NA,NA,NA,NA,NA,NA,NA,NA,43,"Mark Sanford",NA,NA,NA,NA,0.317562176092838,57
"SC-2","WILSON (R SC-2)","R",2016,NA,2,-1,109452,183746,NA,NA,"SC",NA,NA,NA,NA,NA,NA,NA,NA,NA,NA,NA,NA,NA,NA,NA,NA,NA,40.7,"Joe Wilson",NA,NA,NA,NA,1.15487409255477,59.3
"SC-3","DUNCAN (R SC-3)","R",2016,NA,3,-1,72933,196325,NA,NA,"SC",NA,NA,NA,NA,NA,NA,NA,NA,NA,NA,NA,NA,NA,NA,NA,NA,NA,30.2,"Jeff Duncan",NA,NA,NA,NA,1.63574154786145,69.8
"SC-4","GOWDY (R SC-4)","R",2016,NA,4,-1,91676,198648,NA,NA,"SC",NA,NA,NA,NA,NA,NA,NA,NA,NA,NA,NA,NA,NA,NA,NA,NA,NA,36.4,"Trey Gowdy",NA,NA,NA,NA,0.972569833143252,63.6
"SC-5","MULVANEY (R SC-5)","R",2016,NA,5,-1,105772,161669,NA,NA,"SC",NA,NA,NA,NA,NA,NA,NA,NA,NA,NA,NA,NA,NA,NA,NA,NA,NA,40.4,"Mick Mulvaney",NA,NA,NA,NA,0.697371130500622,59.6
"SC-6","CLYBURN (D SC-6)","D",2016,NA,6,1,177947,70099,NA,NA,"SC",NA,NA,NA,NA,NA,NA,NA,NA,NA,NA,NA,NA,NA,NA,NA,NA,NA,68.8,"Jim Clyburn",NA,NA,NA,NA,-1.78082669316455,31.2
"SC-7","RICE (R SC-7)","R",2016,NA,7,-1,112744,176468,NA,NA,"SC",NA,NA,NA,NA,NA,NA,NA,NA,NA,NA,NA,NA,NA,NA,NA,NA,NA,40.3,"Tom Rice",NA,NA,NA,NA,0.801636112380718,59.7
"SD-1","NOEM (R SD-1)","R",2016,NA,1,-1,132810,237163,NA,NA,"SD",NA,NA,NA,NA,NA,NA,NA,NA,NA,NA,NA,NA,NA,NA,NA,NA,NA,34,"Kristi Noem",NA,NA,NA,NA,0.973932694719182,66
"TN-1","ROE (R TN-1)","R",2016,NA,1,-1,39024,198293,NA,NA,"TN",NA,NA,NA,NA,NA,NA,NA,NA,NA,NA,NA,NA,NA,NA,NA,NA,NA,20.4,"Phil Roe",NA,NA,NA,NA,0.941634797397128,79.6
"TN-2","DUNCAN (R TN-2)","R",2016,NA,2,-1,68401,212455,NA,NA,"TN",NA,NA,NA,NA,NA,NA,NA,NA,NA,NA,NA,NA,NA,NA,NA,NA,NA,31.3,"John Duncan",NA,NA,NA,NA,0.254328059022531,68.7
"TN-3","FLEISCHMANN (R TN-3)","R",2016,NA,3,-1,76727,176613,NA,NA,"TN",NA,NA,NA,NA,NA,NA,NA,NA,NA,NA,NA,NA,NA,NA,NA,NA,NA,31.6,"Chuck Fleischmann",NA,NA,NA,NA,1.20127475986059,68.4
"TN-4","DESJARLAIS (R TN-4)","R",2016,NA,4,-1,89141,165796,NA,NA,"TN",NA,NA,NA,NA,NA,NA,NA,NA,NA,NA,NA,NA,NA,NA,NA,NA,NA,28.5,"Scott DesJarlais",NA,NA,NA,NA,1.16497329453897,71.5
"TN-5","COOPER (D TN-5)","D",2016,NA,5,1,171111,102433,NA,NA,"TN",NA,NA,NA,NA,NA,NA,NA,NA,NA,NA,NA,NA,NA,NA,NA,NA,NA,59.7,"Jim Cooper",NA,NA,NA,NA,-0.476505974949702,40.3
"TN-6","BLACK (R TN-6)","R",2016,NA,6,-1,61995,202234,NA,NA,"TN",NA,NA,NA,NA,NA,NA,NA,NA,NA,NA,NA,NA,NA,NA,NA,NA,NA,24.6,"Diane Black",NA,NA,NA,NA,1.01345964236879,75.4
"TN-7","BLACKBURN (R TN-7)","R",2016,NA,7,-1,65226,200407,NA,NA,"TN",NA,NA,NA,NA,NA,NA,NA,NA,NA,NA,NA,NA,NA,NA,NA,NA,NA,29.5,"Marsha Blackburn",NA,NA,NA,NA,1.01347784933083,70.5
"TN-8","KUSTOFF (R TN-8)","R",2016,NA,8,NA,70925,194386,NA,NA,"TN",NA,NA,NA,NA,NA,NA,NA,NA,NA,NA,NA,NA,NA,NA,NA,NA,NA,31.6,"David Kustoff",NA,NA,NA,NA,0.545759287442808,68.4
"TN-9","COHEN (D TN-9)","D",2016,NA,9,1,171631,41123,NA,NA,"TN",NA,NA,NA,NA,NA,NA,NA,NA,NA,NA,NA,NA,NA,NA,NA,NA,NA,79.7,"Steve Cohen",NA,NA,NA,NA,-0.901106418886538,20.3
"TX-1","GOHMERT (R TX-1)","R",2016,NA,1,-1,62847,192434,NA,NA,"TX",NA,NA,NA,NA,NA,NA,NA,NA,NA,NA,NA,NA,NA,NA,NA,NA,NA,25.9,"Louie Gohmert",NA,NA,NA,NA,0.424809308993082,74.1
"TX-10","MCCAUL (R TX-10)","R",2016,NA,10,-1,120170,179221,NA,NA,"TX",NA,NA,NA,NA,NA,NA,NA,NA,NA,NA,NA,NA,NA,NA,NA,NA,NA,45.2,"Michael McCaul",NA,NA,NA,NA,0.70416045247522,54.8
"TX-11","CONAWAY (R TX-11)","R",2016,NA,11,-1,0,201871,NA,NA,"TX",NA,NA,NA,NA,NA,NA,NA,NA,NA,NA,NA,NA,NA,NA,NA,NA,NA,19.7,"Mike Conaway",NA,NA,NA,NA,0.695591643797736,80.3
"TX-12","GRANGER (R TX-12)","R",2016,NA,12,-1,76029,196482,NA,NA,"TX",NA,NA,NA,NA,NA,NA,NA,NA,NA,NA,NA,NA,NA,NA,NA,NA,NA,34.2,"Kay Granger",NA,NA,NA,NA,0.895558345699366,65.8
"TX-13","THORNBERRY (R TX-13)","R",2016,NA,13,-1,0,199050,NA,NA,"TX",NA,NA,NA,NA,NA,NA,NA,NA,NA,NA,NA,NA,NA,NA,NA,NA,NA,17.5,"Mac Thornberry",NA,NA,NA,NA,1.01044759995905,82.5
"TX-14","WEBER (R TX-14)","R",2016,NA,14,-1,99054,160631,NA,NA,"TX",NA,NA,NA,NA,NA,NA,NA,NA,NA,NA,NA,NA,NA,NA,NA,NA,NA,39.8,"Randy Weber",NA,NA,NA,NA,0.914331450499245,60.2
"TX-15","GONZALEZ (D TX-15)","D",2016,NA,15,NA,101712,66877,NA,NA,"TX",NA,NA,NA,NA,NA,NA,NA,NA,NA,NA,NA,NA,NA,NA,NA,NA,NA,58.6,"Vicente Gonzalez",NA,NA,NA,NA,-0.669968974795894,41.4
"TX-16","O'ROURKE (D TX-16)","D",2016,NA,16,1,150228,0,NA,NA,"TX",NA,NA,NA,NA,NA,NA,NA,NA,NA,NA,NA,NA,NA,NA,NA,NA,NA,71.4,"Beto O'Rourke",NA,NA,NA,NA,-0.650181533507256,28.6
"TX-17","FLORES (R TX-17)","R",2016,NA,17,-1,86603,149417,NA,NA,"TX",NA,NA,NA,NA,NA,NA,NA,NA,NA,NA,NA,NA,NA,NA,NA,NA,NA,40.8,"Bill Flores",NA,NA,NA,NA,0.658949793737359,59.2
"TX-18","JACKSON (D TX-18)","D",2016,NA,18,1,150157,48306,NA,NA,"TX",NA,NA,NA,NA,NA,NA,NA,NA,NA,NA,NA,NA,NA,NA,NA,NA,NA,79.3,"Sheila Jackson Lee",NA,NA,NA,NA,-0.812989728011137,20.7
"TX-19","ARRINGTON (R TX-19)","R",2016,NA,19,-1,0,176314,NA,NA,"TX",NA,NA,NA,NA,NA,NA,NA,NA,NA,NA,NA,NA,NA,NA,NA,NA,NA,24.5,"Jodey Arrington",NA,NA,NA,NA,1.12182801269738,75.5
"TX-2","POE (R TX-2)","R",2016,NA,2,-1,100231,168692,NA,NA,"TX",NA,NA,NA,NA,NA,NA,NA,NA,NA,NA,NA,NA,NA,NA,NA,NA,NA,45.1,"Ted Poe",NA,NA,NA,NA,0.370360891339342,54.9
"TX-20","CASTRO (D TX-20)","D",2016,NA,20,1,149640,0,NA,NA,"TX",NA,NA,NA,NA,NA,NA,NA,NA,NA,NA,NA,NA,NA,NA,NA,NA,NA,64,"Joaquin Castro",NA,NA,NA,NA,-0.799123581506518,36
"TX-21","SMITH (R TX-21)","R",2016,NA,21,-1,129765,202967,NA,NA,"TX",NA,NA,NA,NA,NA,NA,NA,NA,NA,NA,NA,NA,NA,NA,NA,NA,NA,44.7,"Lamar Smith",NA,NA,NA,NA,1.00161211659907,55.3
"TX-22","OLSON (R TX-22)","R",2016,NA,22,-1,123679,181864,NA,NA,"TX",NA,NA,NA,NA,NA,NA,NA,NA,NA,NA,NA,NA,NA,NA,NA,NA,NA,45.9,"Pete Olson",NA,NA,NA,NA,1.22482639494947,54.1
"TX-23","HURD (R TX-23)","R",2016,NA,23,-1,107526,110577,NA,NA,"TX",NA,NA,NA,NA,NA,NA,NA,NA,NA,NA,NA,NA,NA,NA,NA,NA,NA,51.8,"Will Hurd",NA,NA,NA,NA,0.401879911175592,48.2
"TX-24","MARCHANT (R TX-24)","R",2016,NA,24,-1,108389,154845,NA,NA,"TX",NA,NA,NA,NA,NA,NA,NA,NA,NA,NA,NA,NA,NA,NA,NA,NA,NA,46.7,"Kenny Marchant",NA,NA,NA,NA,0.483641336543942,53.3
"TX-25","WILLIAMS (R TX-25)","R",2016,NA,25,-1,117073,180988,NA,NA,"TX",NA,NA,NA,NA,NA,NA,NA,NA,NA,NA,NA,NA,NA,NA,NA,NA,NA,42.2,"Roger Williams",NA,NA,NA,NA,1.51335626379698,57.8
"TX-26","BURGESS (R TX-26)","R",2016,NA,26,-1,94507,211730,NA,NA,"TX",NA,NA,NA,NA,NA,NA,NA,NA,NA,NA,NA,NA,NA,NA,NA,NA,NA,36.1,"Michael Burgess",NA,NA,NA,NA,0.768343968595498,63.9
"TX-27","FARENTHOLD (R TX-27)","R",2016,NA,27,-1,88329,142251,NA,NA,"TX",NA,NA,NA,NA,NA,NA,NA,NA,NA,NA,NA,NA,NA,NA,NA,NA,NA,37.8,"Blake Farenthold",NA,NA,NA,NA,0.941874345375328,62.2
"TX-28","CUELLAR (D TX-28)","D",2016,NA,28,1,122086,57740,NA,NA,"TX",NA,NA,NA,NA,NA,NA,NA,NA,NA,NA,NA,NA,NA,NA,NA,NA,NA,60.2,"Henry Cuellar",NA,NA,NA,NA,-0.380038198248542,39.8
"TX-29","GREEN (D TX-29)","D",2016,NA,29,1,95649,31646,NA,NA,"TX",NA,NA,NA,NA,NA,NA,NA,NA,NA,NA,NA,NA,NA,NA,NA,NA,NA,73.7,"Gene Green",NA,NA,NA,NA,-0.588559901888716,26.3
"TX-3","JOHNSON (R TX-3)","R",2016,NA,3,-1,109420,193684,NA,NA,"TX",NA,NA,NA,NA,NA,NA,NA,NA,NA,NA,NA,NA,NA,NA,NA,NA,NA,42.6,"Sam Johnson",NA,NA,NA,NA,1.50224921672299,57.4
"TX-30","JOHNSON (D TX-30)","D",2016,NA,30,1,170502,31518,NA,NA,"TX",NA,NA,NA,NA,NA,NA,NA,NA,NA,NA,NA,NA,NA,NA,NA,NA,NA,81.2,"Eddie Bernice Johnson",NA,NA,NA,NA,-1.0071546474352,18.8
"TX-31","CARTER (R TX-31)","R",2016,NA,31,-1,103852,166060,NA,NA,"TX",NA,NA,NA,NA,NA,NA,NA,NA,NA,NA,NA,NA,NA,NA,NA,NA,NA,43.3,"John Carter",NA,NA,NA,NA,1.47972002291788,56.7
"TX-32","SESSIONS (R TX-32)","R",2016,NA,32,-1,0,162868,NA,NA,"TX",NA,NA,NA,NA,NA,NA,NA,NA,NA,NA,NA,NA,NA,NA,NA,NA,NA,51,"Pete Sessions",NA,NA,NA,NA,0.993543417919542,49
"TX-33","VEASEY (D TX-33)","D",2016,NA,33,1,93147,33222,NA,NA,"TX",NA,NA,NA,NA,NA,NA,NA,NA,NA,NA,NA,NA,NA,NA,NA,NA,NA,75.5,"Marc Veasey",NA,NA,NA,NA,-0.914748003315986,24.5
"TX-34","VELA (D TX-34)","D",2016,NA,34,1,104638,62323,NA,NA,"TX",NA,NA,NA,NA,NA,NA,NA,NA,NA,NA,NA,NA,NA,NA,NA,NA,NA,61.1,"Filemon Vela",NA,NA,NA,NA,-0.62706475895593,38.9
"TX-35","DOGGETT (D TX-35)","D",2016,NA,35,1,124612,62384,NA,NA,"TX",NA,NA,NA,NA,NA,NA,NA,NA,NA,NA,NA,NA,NA,NA,NA,NA,NA,67.8,"Lloyd Doggett",NA,NA,NA,NA,-0.997678088862437,32.2
"TX-36","BABIN (R TX-36)","R",2016,NA,36,-1,0,193675,NA,NA,"TX",NA,NA,NA,NA,NA,NA,NA,NA,NA,NA,NA,NA,NA,NA,NA,NA,NA,25.9,"Brian Babin",NA,NA,NA,NA,1.27532719983883,74.1
"TX-4","RATCLIFFE (R TX-4)","R",2016,NA,4,-1,0,216643,NA,NA,"TX",NA,NA,NA,NA,NA,NA,NA,NA,NA,NA,NA,NA,NA,NA,NA,NA,NA,22.4,"John Ratcliffe",NA,NA,NA,NA,0.789735298530452,77.6
"TX-5","HENSARLING (R TX-5)","R",2016,NA,5,-1,0,155469,NA,NA,"TX",NA,NA,NA,NA,NA,NA,NA,NA,NA,NA,NA,NA,NA,NA,NA,NA,NA,35.4,"Jeb Hensarling",NA,NA,NA,NA,0.814478211733884,64.6
"TX-6","BARTON (R TX-6)","R",2016,NA,6,-1,106667,159444,NA,NA,"TX",NA,NA,NA,NA,NA,NA,NA,NA,NA,NA,NA,NA,NA,NA,NA,NA,NA,43.6,"Joe Barton",NA,NA,NA,NA,1.46726403145851,56.4
"TX-7","CULBERSON (R TX-7)","R",2016,NA,7,-1,111991,143542,NA,NA,"TX",NA,NA,NA,NA,NA,NA,NA,NA,NA,NA,NA,NA,NA,NA,NA,NA,NA,50.7,"John Culberson",NA,NA,NA,NA,1.0398545604833,49.3
"TX-8","BRADY (R TX-8)","R",2016,NA,8,-1,0,236379,NA,NA,"TX",NA,NA,NA,NA,NA,NA,NA,NA,NA,NA,NA,NA,NA,NA,NA,NA,NA,24.7,"Kevin Brady",NA,NA,NA,NA,1.37313604599843,75.3
"TX-9","GREEN (D TX-9)","D",2016,NA,9,1,152032,36491,NA,NA,"TX",NA,NA,NA,NA,NA,NA,NA,NA,NA,NA,NA,NA,NA,NA,NA,NA,NA,81.5,"Al Green",NA,NA,NA,NA,-0.890279455687445,18.5
"UT-1","BISHOP (R UT-1)","R",2016,NA,1,-1,73381,182928,NA,NA,"UT",NA,NA,NA,NA,NA,NA,NA,NA,NA,NA,NA,NA,NA,NA,NA,NA,NA,31.1,"Rob Bishop",NA,NA,NA,NA,1.17802858562385,68.9
"UT-2","STEWART (R UT-2)","R",2016,NA,2,-1,93780,170542,NA,NA,"UT",NA,NA,NA,NA,NA,NA,NA,NA,NA,NA,NA,NA,NA,NA,NA,NA,NA,41,"Chris Stewart",NA,NA,NA,NA,1.25202928360299,59
"UT-3","CHAFFETZ (R UT-3)","R",2016,NA,3,-1,75716,209589,NA,NA,"UT",NA,NA,NA,NA,NA,NA,NA,NA,NA,NA,NA,NA,NA,NA,NA,NA,NA,33,"Jason Chaffetz",NA,NA,NA,NA,0.923515770071887,67
"UT-4","LOVE (R UT-4)","R",2016,NA,4,-1,113413,147597,NA,NA,"UT",NA,NA,NA,NA,NA,NA,NA,NA,NA,NA,NA,NA,NA,NA,NA,NA,NA,45.3,"Mia Love",NA,NA,NA,NA,1.11051634420532,54.7
"VA-1","WITTMAN (R VA-1)","R",2016,NA,1,-1,140785,230213,NA,NA,"VA",NA,NA,NA,NA,NA,NA,NA,NA,NA,NA,NA,NA,NA,NA,NA,NA,NA,43.5,"Rob Wittman",NA,NA,NA,NA,1.44854407940041,56.5
"VA-10","COMSTOCK (R VA-10)","R",2016,NA,10,-1,187712,210791,NA,NA,"VA",NA,NA,NA,NA,NA,NA,NA,NA,NA,NA,NA,NA,NA,NA,NA,NA,NA,55.3,"Barbara Comstock",NA,NA,NA,NA,0.493705684016698,44.7
"VA-11","CONNOLLY (D VA-11)","D",2016,NA,11,1,247818,0,NA,NA,"VA",NA,NA,NA,NA,NA,NA,NA,NA,NA,NA,NA,NA,NA,NA,NA,NA,NA,70.9,"Gerry Connolly",NA,NA,NA,NA,-0.743418295967709,29.1
"VA-2","TAYLOR (R VA-2)","R",2016,NA,2,0,119440,190475,NA,NA,"VA",NA,NA,NA,NA,NA,NA,NA,NA,NA,NA,NA,NA,NA,NA,NA,NA,NA,48.2,"Scott Taylor",NA,NA,NA,NA,1.02397720813858,51.8
"VA-3","SCOTT (D VA-3)","D",2016,NA,3,1,208337,103289,NA,NA,"VA",NA,NA,NA,NA,NA,NA,NA,NA,NA,NA,NA,NA,NA,NA,NA,NA,NA,66.6,"Bobby Scott",NA,NA,NA,NA,-0.951856989482864,33.4
"VA-4","MCEACHIN (D VA-4)","D",2016,NA,4,0,200136,145731,NA,NA,"VA",NA,NA,NA,NA,NA,NA,NA,NA,NA,NA,NA,NA,NA,NA,NA,NA,NA,61.3,"Don McEachin",NA,NA,NA,NA,-1.26082438782533,38.7
"VA-5","GARRETT (R VA-5)","R",2016,NA,5,-1,148339,207758,NA,NA,"VA",NA,NA,NA,NA,NA,NA,NA,NA,NA,NA,NA,NA,NA,NA,NA,NA,NA,44.2,"Tom Garrett",NA,NA,NA,NA,1.75684230861632,55.8
"VA-6","GOODLATTE (R VA-6)","R",2016,NA,6,-1,112170,225471,NA,NA,"VA",NA,NA,NA,NA,NA,NA,NA,NA,NA,NA,NA,NA,NA,NA,NA,NA,NA,36.9,"Bob Goodlatte",NA,NA,NA,NA,1.02787344456792,63.1
"VA-7","BRAT (R VA-7)","R",2016,NA,7,-1,160159,218057,NA,NA,"VA",NA,NA,NA,NA,NA,NA,NA,NA,NA,NA,NA,NA,NA,NA,NA,NA,NA,46.6,"Dave Brat",NA,NA,NA,NA,2.39558108970079,53.4
"VA-8","BEYER (D VA-8)","D",2016,NA,8,1,246653,98387,NA,NA,"VA",NA,NA,NA,NA,NA,NA,NA,NA,NA,NA,NA,NA,NA,NA,NA,NA,NA,77.9,"Don Beyer",NA,NA,NA,NA,-0.832701544763885,22.1
"VA-9","GRIFFITH (R VA-9)","R",2016,NA,9,-1,87877,212838,NA,NA,"VA",NA,NA,NA,NA,NA,NA,NA,NA,NA,NA,NA,NA,NA,NA,NA,NA,NA,28.4,"Morgan Griffith",NA,NA,NA,NA,0.271129285983607,71.6
"VT-1","WELCH (D VT-1)","D",2016,NA,1,1,264414,0,NA,NA,"VT",NA,NA,NA,NA,NA,NA,NA,NA,NA,NA,NA,NA,NA,NA,NA,NA,NA,65.2,"Peter Welch",NA,NA,NA,NA,-1.33255169044542,34.8
"WA-1","DELBENE (D WA-1)","D",2016,NA,1,1,193619,155779,NA,NA,"WA",NA,NA,NA,NA,NA,NA,NA,NA,NA,NA,NA,NA,NA,NA,NA,NA,NA,58.9,"Suzan DelBene",NA,NA,NA,NA,-0.733909898628648,41.1
"WA-10","HECK (D WA-10)","D",2016,NA,10,1,170460,120104,NA,NA,"WA",NA,NA,NA,NA,NA,NA,NA,NA,NA,NA,NA,NA,NA,NA,NA,NA,NA,56.2,"Denny Heck",NA,NA,NA,NA,-0.789560984439296,43.8
"WA-2","LARSEN (D WA-2)","D",2016,NA,2,1,208314,117094,NA,NA,"WA",NA,NA,NA,NA,NA,NA,NA,NA,NA,NA,NA,NA,NA,NA,NA,NA,NA,62.1,"Rick Larsen",NA,NA,NA,NA,-0.87353468207964,37.9
"WA-3","HERRERA (R WA-3)","R",2016,NA,3,-1,119820,193457,NA,NA,"WA",NA,NA,NA,NA,NA,NA,NA,NA,NA,NA,NA,NA,NA,NA,NA,NA,NA,46,"Jaime Herrera Beutler",NA,NA,NA,NA,0.327241385838304,54
"WA-4","NEWHOUSE (R WA-4)","R",2016,NA,4,-1,0,229919,NA,NA,"WA",NA,NA,NA,NA,NA,NA,NA,NA,NA,NA,NA,NA,NA,NA,NA,NA,NA,37.7,"Dan Newhouse",NA,NA,NA,NA,0.984129237257243,62.3
"WA-5","MCMORRIS (R WA-5)","R",2016,NA,5,-1,130575,192959,NA,NA,"WA",NA,NA,NA,NA,NA,NA,NA,NA,NA,NA,NA,NA,NA,NA,NA,NA,NA,42.8,"Cathy McMorris Rodgers",NA,NA,NA,NA,1.04921836758176,57.2
"WA-6","KILMER (D WA-6)","D",2016,NA,6,1,201718,126116,NA,NA,"WA",NA,NA,NA,NA,NA,NA,NA,NA,NA,NA,NA,NA,NA,NA,NA,NA,NA,56.7,"Derek Kilmer",NA,NA,NA,NA,-0.749793135335531,43.3
"WA-7","JAYAPAL (D WA-7)","D",2016,NA,7,NA,378754,0,NA,NA,"WA",NA,NA,NA,NA,NA,NA,NA,NA,NA,NA,NA,NA,NA,NA,NA,NA,NA,87.1,"Pramila Jayapal",NA,NA,NA,NA,-1.96275334078164,12.9
"WA-8","REICHERT (R WA-8)","R",2016,NA,8,-1,127720,193145,NA,NA,"WA",NA,NA,NA,NA,NA,NA,NA,NA,NA,NA,NA,NA,NA,NA,NA,NA,NA,51.6,"Dave Reichert",NA,NA,NA,NA,0.333914787552364,48.4
"WA-9","SMITH (D WA-9)","D",2016,NA,9,1,205165,76317,NA,NA,"WA",NA,NA,NA,NA,NA,NA,NA,NA,NA,NA,NA,NA,NA,NA,NA,NA,NA,75.2,"Adam Smith",NA,NA,NA,NA,-0.937681870241948,24.8
"WI-2","POCAN (D WI-2)","D",2016,NA,2,1,273537,124044,NA,NA,"WI",NA,NA,NA,NA,NA,NA,NA,NA,NA,NA,NA,NA,NA,NA,NA,NA,NA,69.4,"Mark Pocan",NA,NA,NA,NA,-1.25029846458859,30.6
"WI-3","KIND (D WI-3)","D",2016,NA,3,1,257401,0,NA,NA,"WI",NA,NA,NA,NA,NA,NA,NA,NA,NA,NA,NA,NA,NA,NA,NA,NA,NA,47.6,"Ron Kind",NA,NA,NA,NA,-0.561566654562796,52.4
"WI-4","MOORE (D WI-4)","D",2016,NA,4,1,220181,0,NA,NA,"WI",NA,NA,NA,NA,NA,NA,NA,NA,NA,NA,NA,NA,NA,NA,NA,NA,NA,77.2,"Gwen Moore",NA,NA,NA,NA,-1.53555700871461,22.8
"WI-5","SENSENBRENN (R WI-5)","R",2016,NA,5,-1,114477,260706,NA,NA,"WI",NA,NA,NA,NA,NA,NA,NA,NA,NA,NA,NA,NA,NA,NA,NA,NA,NA,39.4,"Jim Sensenbrenner",NA,NA,NA,NA,1.75495037176392,60.6
"WI-6","GROTHMAN (R WI-6)","R",2016,NA,6,-1,133072,204147,NA,NA,"WI",NA,NA,NA,NA,NA,NA,NA,NA,NA,NA,NA,NA,NA,NA,NA,NA,NA,41.1,"Glenn Grothman",NA,NA,NA,NA,0.45312849566015,58.9
"WI-7","DUFFY (R WI-7)","R",2016,NA,7,-1,138643,223418,NA,NA,"WI",NA,NA,NA,NA,NA,NA,NA,NA,NA,NA,NA,NA,NA,NA,NA,NA,NA,39.2,"Sean Duffy",NA,NA,NA,NA,0.675263623480696,60.8
"WI-8","GALLAGHER (R WI-8)","R",2016,NA,8,NA,135682,227892,NA,NA,"WI",NA,NA,NA,NA,NA,NA,NA,NA,NA,NA,NA,NA,NA,NA,NA,NA,NA,40.7,"Mike Gallagher",NA,NA,NA,NA,0.655575457100442,59.3
"WV-1","MCKINLEY (R WV-1)","R",2016,NA,1,-1,73534,163469,NA,NA,"WV",NA,NA,NA,NA,NA,NA,NA,NA,NA,NA,NA,NA,NA,NA,NA,NA,NA,28,"David McKinley",NA,NA,NA,NA,0.27089559719825,72
"WV-2","MOONEY (R WV-2)","R",2016,NA,2,-1,101207,140807,NA,NA,"WV",NA,NA,NA,NA,NA,NA,NA,NA,NA,NA,NA,NA,NA,NA,NA,NA,NA,30.9,"Alex Mooney",NA,NA,NA,NA,0.524321349776616,69.1
"WV-3","JENKINS (R WV-3)","R",2016,NA,3,-1,49708,140741,NA,NA,"WV",NA,NA,NA,NA,NA,NA,NA,NA,NA,NA,NA,NA,NA,NA,NA,NA,NA,24.3,"Evan Jenkins",NA,NA,NA,NA,0.378828059355037,75.7
"WY-1","CHENEY (R WY-1)","R",2016,NA,1,NA,75466,156176,NA,NA,"WY",NA,NA,NA,NA,NA,NA,NA,NA,NA,NA,NA,NA,NA,NA,NA,NA,NA,24.3,"Liz Cheney",NA,NA,NA,NA,1.10633116580628,75.7
